"","sum.of.sum","sum.of.mean","sum.of.std","sum.of.min","sum.of.max","sum.of.kurtosis","sum.of.skewness","mean.of.sum","mean.of.mean","mean.of.std","mean.of.min","mean.of.max","mean.of.kurtosis","mean.of.skewness","std.of.sum","std.of.mean","std.of.std","std.of.min","std.of.max","std.of.kurtosis","std.of.skewness","min.of.sum","min.of.mean","min.of.std","min.of.min","min.of.max","min.of.kurtosis","min.of.skewness","max.of.sum","max.of.mean","max.of.std","max.of.min","max.of.max","max.of.kurtosis","max.of.skewness","kurtosis.of.sum","kurtosis.of.mean","kurtosis.of.std","kurtosis.of.min","kurtosis.of.max","kurtosis.of.kurtosis","kurtosis.of.skewness","skew.of.sum","skew.of.mean","skew.of.std","skew.of.min","skew.of.max","skew.of.kurtosis","skew.of.skewness","sum.of.Levels","mean.of.Levels","std.of.Levels","min.of.Levels","max.of.Levels","kurtosis.of.Levels","skew.of.Levels","numFeatures","logNumFeatures","numPatterns","logNumPatterns","numPatternsNA","percPatternsNA","numFeaturesNA","percFeaturesNA","numNA","percNA","logNumNAs","numNumericFeatures","numCatFeatures","classProbMin","classProbMax","classProbMean","classProbStd","PCAFractionOfComponentsFor95PercentVariance","PCAKurtosisFirstPC","PCASkewnessFirstPC","Class.Entropy"
"accident.csv",603802021.722822,301750.135793514,198597.328249677,9873.93152778,674353.9998,4007.06888706181,221.079875054815,14726878.5786054,7359.75940959791,4843.83727438237,240.827598238537,16447.6585317073,97.7333874893123,5.39219207450767,89269683.9510894,44612.5357076908,25643.5234079864,1562.60681880637,88421.3844318187,200.638142184154,7.14881072061337,-168023.64747762,-83.9698388194003,0.327017629089217,-164.66618333,6,-1.92962641160666,-1.22601157065959,571709212,285711.750124938,161462.889721414,10001,560110,969.527869276699,28.0401179253064,33.9635842414959,33.9635842414959,30.9826910974052,34.1239959693413,31.8786418766917,7.51153575828122,1.37466513947652,5.92007229443308,5.92007229443308,5.58826652256003,5.9395932827735,5.68405399435725,2.71506926616336,1.49807672740793,2080,231.111111111111,514.029290129571,2,1521,1.44799697670004,1.71055732159687,50,3.91202300542815,2001,7.60140233458373,0,0,0,0,0,0,-Inf,39,10,0.0734632683658171,0.926536731634183,0.5,0.603214030727355,0.0169491525423729,-1.37144380196962,-0.0670268473478737,0.262506595666338
"ad.csv",324271.8379,223.736373398802,191.763145789882,2.0015,1300,82.7367070437962,11.3559363955979,108090.612633333,74.578791132934,63.9210485966273,0.667166666666667,433.333333333333,27.5789023479321,3.78531213186596,111649.328830232,76.9869767818029,63.1359839838949,0.576484243785841,323.934149686836,34.2384146989801,2.89729251563449,5598.8379,3.87462830449827,5.5071489520046,0.0015,60,1.58837285051147,1.55914033267563,227065,156.596551724138,130.903846785926,1,640,66.3741346049963,7.06113316584973,-2.33333333333333,-2.33333333333333,-2.33333333333333,-2.33333333333333,-2.33333333333333,-2.33333333333333,-2.33333333333333,0.144410972494473,0.143781108942532,0.133221287634121,-0.384900179459751,-0.378308194748975,0.321678504849686,0.314735697731879,3111,2.00064308681672,0.0253591564670487,2,3,1548.00385728022,39.357443453138,1558,7.35115822643069,2001,7.60140233458373,556,0.277861069465267,3,0.00192554557124519,1660,0.000532468040690823,7.41457288135059,2,1556,0.139930034982509,0.860069965017491,0.5,0.509215827930942,0.00064246707356248,1.8948505245035,1.53016934161945,0.404836457938331
"adni_demographic_master_kaggle.csv",231332.2463,76.7780439097245,6.82729682313886,55.1781,93.7644,0.271645503669057,-0.497366617913933,231332.2463,76.7780439097245,6.82729682313886,55.1781,93.7644,0.271645503669057,-0.497366617913933,NA,NA,NA,NA,NA,NA,NA,231332.2463,76.7780439097245,6.82729682313886,55.1781,93.7644,0.271645503669057,-0.497366617913933,231332.2463,76.7780439097245,6.82729682313886,55.1781,93.7644,0.271645503669057,-0.497366617913933,0,0,0,0,0,0,0,0,0,0,0,0,0,0,802,267.333333333333,458.705061377497,2,797,-2.33333333333333,0.38489812151668,4,1.38629436111989,3013,8.0106915391303,0,0,0,0,0,0,-Inf,0,4,0.405907733156323,0.594092266843677,0.5,0.133066559884757,0.166666666666667,0.271988948025926,-0.497339405451044,0.675334452884133
"adult.csv",378620522,189215.653173413,113234.320586989,19321,1137196,165.711379355366,17.5349954474223,63103420.3333333,31535.9421955689,18872.3867644982,3220.16666666667,189532.666666667,27.6185632258944,2.92249924123706,153243978.160671,76583.6972317194,42291.6035463674,7878.45993622273,415217.037689769,53.9268431661102,4.46623409052182,20180,10.0849575212394,2.5421995615401,0,16,-0.398967940982118,-0.307874012171726,375905818,187858.979510245,104968.076012743,19302,1033222,136.342131271022,11.2221319191084,-0.0835115925182826,-0.0835115925182826,-0.110792146796324,-0.0833368595704314,-0.130240301404886,-0.209871386189806,-0.914767345720318,1.36071899825339,1.36071899825339,1.34493192033255,1.36082547697121,1.33410611967201,1.29094734645227,0.938516662614278,95,11.875,10.8685325596421,2,36,0.160959887041236,1.21481660353591,14,2.63905732961526,2001,7.60140233458373,0,0,0,0,0,0,-Inf,6,9,0.24087956021989,0.75912043978011,0.5,0.366451640225112,0.0303030303030303,4.28533881449998,-1.32362221680177,0.552091660213235
"adult-stretch.csv",76,4,4.03433521530372,0,8,-15.7115947764147,1.30451205393456e-15,9.5,0.5,0.504291901912965,0,1,-1.96394934705184,1.6306400674182e-16,1.92724822331886,0.101434117016782,0.00929777714053211,0,0,0.137448638697818,0.38730121551382,7,0.368421052631579,0.495594627783352,0,1,-2.09252077562327,-0.503047178577087,12,0.631578947368421,0.512989176042577,0,1,-1.83537791848041,0.503047178577087,-1.58200813609467,-1.58200813609467,-2.234375,0,0,-2.234375,-1.5750017760258,0,-7.54798612225713e-16,-1.56754450861048e-14,0,0,1.04382802586116e-15,1.16638979312118e-17,8,2,0,2,2,0,0,4,1.38629436111989,19,2.94443897916644,0,0,0,0,0,0,-Inf,0,5,0.421052631578947,0.578947368421053,0.5,0.111648439134718,0.5,-0.90345711519782,-0.235644866151059,0.680629487891663
"adult+stretch.csv",76,4,4.08098579817746,0,8,-16.4128934777134,8.60422844084496e-16,9.5,0.5,0.510123224772183,0,1,-2.05161168471418,1.07552855510562e-16,1.19522860933439,0.0629067689123365,0.00306383078314446,0,0,0.0437336577674876,0.234711792093368,8,0.421052631578947,0.507257273501788,0,1,-2.09252077562327,-0.294888797753432,11,0.578947368421053,0.512989176042577,0,1,-2.01070259380509,0.294888797753432,-1.744375,-1.744375,-2.234375,0,0,-2.234375,-1.73945178223322,0,-1.15687672440482e-16,0,0,0,6.6833904343877e-15,-1.02507209875756e-15,8,2,0,2,2,0,0,4,1.38629436111989,19,2.94443897916644,0,0,0,0,0,0,-Inf,0,5,0.368421052631579,0.631578947368421,0.5,0.186080731891197,0.5,-1.16274632312406,0.188351158618587,0.658109987543114
"AP_Endometrium_Breast.csv",4863146075.7,37123252.4862595,19472350.7853497,8639349.3,138056403.7,138323.725836298,26559.7327245233,444691.484610461,3394.59148557604,1780.57340758501,789.991706291148,12624.0310625457,12.6484752959307,2.42865149273256,1021056.97764109,7794.32807359613,3224.04062707551,2659.42874007434,23243.0422531252,20.260846795904,2.00954290659637,2117.3,16.1625954198473,7.80997344818173,0.7,48.7,-0.957507926195244,-0.378251568901668,16110655.9,122982.10610687,62215.3833011859,39124.9,543560.6,123.985357009668,11.1807223263195,61.5711995772097,61.5711995772097,71.1285813918245,80.2032589574353,110.709855992904,9.57203249174734,3.63839390169317,6.9909845861479,6.9909845861479,6.81420347256549,8.26884934209362,8.11040085029573,2.94359496664181,1.84182656250144,0,0,0,0,0,0,0,10936,9.29981537840379,131,4.87519732320115,0,0,0,0,0,0,-Inf,1,1,0.152671755725191,0.847328244274809,0.5,0.49119631364867,0.00667520117044623,3.51401974770868,-0.92286409799776,0.427315660477878
"AP_Endometrium_Lung.csv",6955066686.4,37192869.9807487,20277670.6816184,6038298.3,149032475.1,174777.556411091,29054.0036848656,635979.031309437,3400.95738668148,1854.21275435428,552.148710680322,13627.6952359181,15.981854097576,2.65673040278581,1410156.23934232,7540.94245637605,3292.06901458737,1755.84353000964,22880.2351490294,26.7659644978576,2.29833857864713,10664.6,57.0299465240642,422.848009900414,0.5,1791.6,-1.40959195548702,-0.295866716377488,21294413,113873.86631016,57560.0865916567,38058,611105.1,179.869194433788,13.447162068452,55.5866666729424,55.5866666729424,60.2329775474768,150.421695159969,115.66875029775,10.6530083445205,3.9495323030257,6.6580112854162,6.6580112854162,6.32977627028713,10.9712350119688,7.57634234787621,3.07802375954671,1.92254167935757,0,0,0,0,0,0,0,10936,9.29981537840379,187,5.23110861685459,0,0,0,0,0,0,-Inf,1,1,0.32620320855615,0.67379679144385,0.5,0.245785779556821,0.00832114118507681,0.64448527920614,-0.274558508302713,0.631457140969783
"AP_Endometrium_Omentum.csv",5176830352.5,37513263.423913,18978010.0201208,10634092.6,130556444.6,136944.548656013,26278.6900582145,473375.123674104,3430.25451937756,1735.37033834316,972.39325164594,11938.2264630578,12.5223618010253,2.40295263882723,1075380.74451682,7792.61409070157,3086.59899350869,3049.76635579849,19752.7938481223,21.6149882870136,2.06866239333872,6582,47.695652173913,417.289121428643,0.5,1883.2,-0.927972073994931,-0.431701311550849,15367344,111357.565217391,57986.0368600001,39124.9,301703,130.984513808726,11.4893640828551,54.4908122416763,54.4908122416763,55.0933023223725,65.9989854297301,37.499991853687,11.0217023612145,4.52692259515527,6.67394791461514,6.67394791461514,6.24728262239723,7.56038035119123,5.36177269990198,3.17030397061285,2.05209905908476,0,0,0,0,0,0,0,10936,9.29981537840379,138,4.92725368515721,0,0,0,0,0,0,-Inf,1,1,0.442028985507246,0.557971014492754,0.5,0.0819833949201794,0.00667520117044623,0.549722933558466,-0.636636975890212,0.686410763437599
"arsenic-male-bladder.csv",15163038.5,27125.2924865832,208713.035910634,33.5,2957697.5,100.198885499332,10.013466165051,3790759.625,6781.3231216458,52178.2589776585,8.375,739424.375,25.0497213748331,2.50336654126275,7437701.52250511,13305.3694499197,104162.648243356,10.4353166379048,1478142.47381397,52.4273590795088,4.71855719457382,12298,22,12.4207884477227,0,43,-1.22066895952988,0,14946777,26738.4203935599,208422.135892099,22.5,2956638,103.690687307838,9.57438947479812,-1.68764477670787,-1.68764477670787,-1.68750183414881,-1.99455455759815,-1.68750011600735,-1.68750277543117,-1.69047087790248,0.749784734839186,0.749784734839186,0.749997251633598,0.403456340465728,0.749999826034271,0.749995842049482,0.745718442600982,0,0,0,0,0,0,0,4,1.38629436111989,559,6.3261494731551,0,0,0,0,0,0,-Inf,3,1,0.0429338103756708,0.957066189624329,0.5,0.646389204268919,0.25,103.690682863062,9.57438928063141,0.177158414983875
"Attribute_DataSet.csv",452770842289.3,905541684.5786,173618962.659307,444282011,1253973211,-1.21618961743381,-1.33257761616154,226385421144.65,452770842.2893,86809481.3296533,222141005.5,626986605.5,-0.608094808716903,-0.666288808080771,320157330411.212,640314660.822424,122767143.002957,314154822.737296,886692953.853302,0.0144206609642014,0.695081551220886,1764.3,3.5286,2.00536405922218,0,5,-0.618291755873882,-1.15778568642672,452770840525,905541681.05,173618960.653943,444282011,1253973206,-0.597897861559924,-0.174791929734818,-2.75,-2.75,-2.75,-2.75,-2.75,-2.75,-2.75,0,0,0,0,0,0,0,170,15.4545454545455,7.43456301827668,6,26,-1.68935658882008,0.122172953622573,13,2.56494935746154,500,6.21460809842219,0,0,0,0,0,0,-Inf,1,12,0.42,0.58,0.5,0.113137084989848,0.0232558139534884,-0.618291755873881,0.174791929734819,0.680292000192154
"australian.csv",864880.605,1255.26938316401,5416.86019555539,16.75,102227.75,295.512446522613,26.8442137064371,108110.075625,156.908672895501,677.107524444424,2.09375,12778.46875,36.9390558153266,3.35552671330464,243540.448051119,353.469445647487,1834.0689239511,4.73576343973629,35249.9213667911,72.8430152138054,4.25376360836869,1532.565,2.22433236574746,1.99358825581647,0,9,-0.856347806811602,-0.0718325677906308,701473,1018.1030478955,5213.88234830649,13.75,100001,212.173419533904,13.0742533152104,1.42832980337626,1.42832980337626,1.69413231398224,1.60776903315404,1.69978333292399,1.22007945088648,0.502935526811263,1.75198433964997,1.75198433964997,1.85242997735679,1.81604535034006,1.8547582983928,1.67137977619499,1.36664194286828,14,2.33333333333333,0.516397779494322,2,3,-1.95833333333333,0.537914353639918,14,2.63905732961526,689,6.53524127101366,0,0,0,0,0,0,-Inf,5,7,0.445573294629898,0.554426705370102,0.5,0.0769709848896823,0.0476190476190476,212.174813868364,13.0743219326023,0.687210892208171
"baboon_mating.csv",32960086.0281594,16471.8071105245,6560.05426297297,5085.762280622,28457.261506942,37.4294792418709,2.45746157880457,2060005.37675996,1029.48794440778,410.00339143581,317.860142538875,1778.57884418387,2.33934245261693,0.153591348675286,8178716.11776192,4087.31440168012,1617.50401688969,1266.70558020711,6969.14195769674,7.43938334199589,1.48330189940082,-272.902157568,-0.13638288734033,0.0325969702747055,-0.694525931,-4.68e-07,-1.15246006183039,-4.45388731904261,32730007,16356.8250874563,6475.38634325322,5068,27910,29.384704677207,2.12867212678763,9.36298897161073,9.36298897161073,9.36121258891499,9.36321896474586,9.35793519767972,7.93550511725911,3.16212632461295,3.2811826793321,3.2811826793321,3.28077560562579,3.28123563537349,3.28002882837,2.97493447798677,-1.643784014388,235,78.3333333333333,66.1538610614175,2,119,-2.33333333333333,-0.38242804744946,19,2.94443897916644,2001,7.60140233458373,0,0,0,0,0,0,-Inf,6,4,0.286356821589205,0.713643178410795,0.5,0.302137080417041,0.0555555555555556,-1.14176024052222,0.0551029460433823,0.598857327218379
"bands.csv",478904,912.048075271603,487.427535517317,45,1877,-10.5200727147218,1.76277851113039,19954.3333333333,38.0020031363168,20.3094806465549,1.875,78.2083333333333,-0.438336363113407,0.0734491046304329,28606.9081314388,53.0470069611041,30.568018140086,0.536696821549066,106.616737068757,1.06317122923689,0.624623343232559,1615,4.20572916666667,0.9623559016943,1,7,-1.75291253478678,-1.72998534045879,118260,219.406307977737,123.528859853238,3,434,2.82607332948025,1.19731485648213,3.9155658301391,3.76978615607436,3.46995131924225,0.0828123145840753,3.32528303353521,1.67161396289033,1.40511931815691,2.15629893783239,2.11395358024716,2.05543229262346,-0.126340609914318,2.01769656950157,1.44938065653064,-0.957729819669913,136,9.06666666666667,20.2041956981594,2,82,8.32513342672475,3.11795412237043,39,3.66356164612965,539,6.289715570909,249,0.461966604823748,19,0.487179487179487,652,0.0310166024451739,6.48004456192665,24,16,0.421150278293135,0.578849721706865,0.5,0.111510345827192,0.0909090909090909,-1.16130924398585,0.0273445563996083,0.6806605642952
"bank-additional-full.csv",12988631.285,6491.07010744628,550.340507690344,5026.236,9678.412,91.8389549375659,5.77304448577094,1298863.1285,649.107010744628,55.0340507690344,502.6236,967.8412,9.18389549375659,0.577304448577094,3233195.26948558,1615.78973987285,95.5937704864288,1567.81744100433,1812.4281298284,13.1090916775278,2.85147048839819,-81202.2,-40.5808095952024,0.51384772088613,-50.8,-26.9,-1.38813747432155,-4.79515737899419,10340760.7,5167.79645177411,266.142550037625,4963.6,5228.1,33.2201301289235,4.88327040182108,3.13412200380054,3.13412200380054,-0.148797863213348,3.5637190646465,0.35667776094613,-1.46473818065924,-0.902027216722299,2.14358859384973,2.14358859384973,1.25288907190888,2.27472707160149,1.40108820684632,0.597818989450572,-0.102931084777111,51,5.1,3.47850542618522,2,12,-0.882154907451676,0.865575504998155,20,2.99573227355399,2001,7.60140233458373,0,0,0,0,0,0,-Inf,5,11,0.112943528235882,0.887056471764118,0.5,0.547380511773095,0.0416666666666667,16.6428252248752,3.11509517199342,0.352625582597263
"block_1.csv",199043581.489189,99472.0547172357,47177.5370301461,1467,197023,-2.45620664642415,0.351865351883244,49760895.3722971,24868.0136793089,11794.3842575365,366.75,49255.75,-0.614051661606038,0.087966337970811,63483546.2606138,31725.9101752193,13619.8806572968,713.640140406914,56887.0207890165,0.40613078310601,0.920731552532171,621.808560883561,0.310748905988786,0.338323932070139,0,1,-1.15404670683034,-0.801820045849901,132583615,66258.6781609195,23820.5459268541,1437,99973,-0.168333378186865,1.13643357258157,-2.08581524968347,-2.08581524968347,-2.43706430125939,-1.68809711464053,-2.4365089100271,-1.85588688809131,-2.28199156477451,0.31890958580352,0.31890958580352,0.000377344438895151,0.749120660842242,0.000858403653580044,-0.256329953969956,0.094437897789694,16,2.28571428571429,0.487950036474267,2,3,-1.60408163265306,0.752837199131726,11,2.39789527279837,2001,7.60140233458373,0,0,0,0,0,0,-Inf,2,8,0.00399800099950025,0.9960019990005,0.5,0.701452753950673,0.125,-0.565499567838107,-0.0281075907164278,0.0260668030907106
"block_2.csv",202605999.775361,101253.289036369,47464.7096891038,1660.11111111111,198431,6.20450819844289,-2.81844996428032,40521199.9550721,20250.6578072737,9492.94193782077,332.022222222222,39686.2,1.24090163968858,-0.563689992856064,60236250.5997949,30102.9198279881,13001.3942579323,708.753876902759,54343.8763357933,4.13443921554312,1.65659281481429,46.9396825396825,0.307249279400704,0.202613809393925,0,1,-1.14789731006625,-3.14369648533041,134462862,67197.832083958,24131.1889882581,1599,99977,8.60074240223976,1.16922825878542,-1.68517045432292,-1.68516544516452,-2.25132194434756,-0.924518659545829,-2.25291282721164,-0.951101487628774,-1.54185801008513,0.595269651413728,0.595272443849886,0.293151646971942,1.06963987618876,0.292334628302223,1.04741647120789,-0.465310866685063,13,2.16666666666667,0.408248290463863,2,3,-0.0833333333333304,1.36082763487954,11,2.39789527279837,2001,7.60140233458373,1951,0.975012493753123,1,0.0909090909090909,1951,0.0886374994321021,7.57609734062311,2,7,0.00399800099950025,0.9960019990005,0.5,0.701452753950673,0.133333333333333,-0.669011865724784,-0.0371796892772859,0.0260668030907106
"block_3.csv",201324606.838459,100612.885612584,47688.0940696708,2592,198138,2.47041844351784,-2.26685743663268,40264921.3676918,20122.5771225168,9537.61881393415,518.4,39627.6,0.494083688703568,-0.453371487326536,59788272.3794405,29879.0470536834,13060.461785199,1147.474313438,54264.7259902784,2.58840909915153,1.41225957377753,32.5607142857143,0.312225490373916,0.27030429753392,0,1,-1.19139915610491,-2.55710426925476,133368224,66650.7866066967,24071.0887196402,2571,99972,5.07747380566093,1.10947467450525,-1.69133382712298,-1.69132896670747,-2.25268590595447,-0.920201767911569,-2.25274069141576,-0.982608289511414,-1.66559504322207,0.591835737720539,0.591838444219551,0.292451157340156,1.07314458475976,0.292423023542605,1.01916821965185,-0.322794061477751,14,2.8,0.447213595499958,2,3,-0.920000000000001,-1.0733126291999,10,2.30258509299405,2001,7.60140233458373,1965,0.982008995502249,1,0.1,1965,0.0982008995502249,7.58324752430336,2,6,0.00599700149925037,0.99400299850075,0.5,0.698625740332736,0.133333333333333,-0.637298576828097,-0.0161235417200154,0.0366626157241599
"block_4.csv",201346213.904297,100623.67581798,46707.121713778,1317,196097,1.54940210257541,-2.2510754277723,40269242.7808594,20124.7351635959,9341.42434275559,263.4,39219.4,0.309880420515081,-0.450215085554461,59989007.1378348,29979.3660891639,12790.956646109,582.850581195558,53719.7048093155,2.28114003063045,1.32775536099393,32.2571428571429,0.326561288536551,0.28219487737665,0,1,-1.27451997613735,-2.42182916886817,134086551,67009.7706146927,23440.284776936,1306,99997,4.34247266911447,1.02696846764193,-1.67358760623911,-1.67358270237787,-2.25323411312966,-0.920214597191919,-2.25052381580291,-0.988965982222885,-1.6710645976927,0.601733486157777,0.601736225727024,0.292169646178878,1.07313393737548,0.293561593857765,1.00853416156959,-0.31118321387658,14,2.33333333333333,0.516397779494322,2,3,-1.95833333333333,0.537914353639918,11,2.39789527279837,2001,7.60140233458373,1965,0.982008995502249,2,0.181818181818182,1966,0.0893189768751988,7.58375630070711,2,7,0.0079960019990005,0.992003998000999,0.5,0.695798726714799,0.117647058823529,-0.505307947399931,-0.0940090583381681,0.0465751517243638
"block_6.csv",202786774.180829,101342.715732548,47385.2824415445,1160,198677,-2.58803891303901,0.212912647967536,50696693.5452072,25335.678933137,11846.3206103861,290,49669.25,-0.647009728259753,0.053228161991884,64665702.4696726,32316.6928883921,13681.4951360957,572.027971344059,57354.4599159472,0.377585638474353,0.905929782527153,635.101066988567,0.317391837575496,0.335825315301858,0,1,-1.1642461622778,-0.792657569821954,135043209,67487.8605697151,24040.8298547271,1148,99994,-0.269711932491185,1.06887868841997,-2.08630246419173,-2.08630246419173,-2.43652677187971,-1.68764770525931,-2.4373034840164,-1.86656449123435,-2.31264537125833,0.318443437542501,0.318443437542501,0.000842931447633206,0.749780482814032,0.000170191550441504,-0.382187765801936,0.0883648653708187,18,2.57142857142857,1.13389341902768,2,5,0.0551776266061976,1.31987593749254,11,2.39789527279837,2001,7.60140233458373,0,0,0,0,0,0,-Inf,2,8,0.00599700149925037,0.99400299850075,0.5,0.698625740332736,0.125,-0.627714577054161,0.0165351262528091,0.0366626157241599
"car.csv",83490081,41725.9422271638,47151.7012242041,4075,552035,468.598873708492,26.7243124242295,13915013.5,6954.3237045273,7858.61687070069,679.166666666667,92005.8333333333,78.0998122847487,4.45405207070491,31858464.9323313,15921.1231749635,19182.352818293,1019.48171472894,223783.70332481,142.264708041865,5.5641494056473,11171,5.60511791269443,1.72336701666877,0,12,0.329635888155982,-1.23505318451009,78867878,39414.231884058,47014.3458027143,2000,548800,362.856869807567,14.0027635718842,-0.095517940582579,-0.0955149663053128,-0.0833550067667708,-1.95829763467157,-0.0833860323856137,-0.279905543994972,-1.31374608717172,1.35363918256248,1.35364077575488,1.36081438478667,0.536823566970865,1.36079542731713,1.25104129273241,0.607462961112175,806,89.5555555555556,214.20382297657,3,658,2.52597099699305,2.03653417010466,15,2.70805020110221,2001,7.60140233458373,21,0.0104947526236882,2,0.133333333333333,22,0.000732966849908379,3.09104245335832,6,10,0.399300349825087,0.600699650174913,0.5,0.142410811003588,0.0333333333333333,29.6331644914557,-4.64425679722223,0.67272696326358
"chess.csv",785187.47,2661.65244067797,104.271852004232,2272.1,2891.9,1.92504452641344,-1.6448339523605,392593.735,1330.82622033898,52.1359260021158,1136.05,1445.95,0.962522263206718,-0.822416976180248,552168.74648667,1871.75846266668,70.3731237469967,1603.64746905297,2029.46717268351,2.31303683620168,0.476874812270035,2151.47,7.2931186440678,2.3746129873344,2.1,10.9,-0.67304176880577,-1.15961838971345,783036,2654.3593220339,101.897239016897,2270,2881,2.59808629521921,-0.485215562647045,-2.75,-2.75,-2.75,-2.75,-2.75,-2.75,-2.75,0,0,0,0,0,0,-6.39848408642529e-17,1967,54.6388888888889,40.5808911947327,2,137,-1.38140330983818,0.327036414000739,38,3.63758615972639,295,5.68697535633982,0,0,0,0,0,0,-Inf,1,37,0.4,0.6,0.5,0.141421356237309,0.0111111111111111,2.59803958278964,1.15962919012767,0.673011667009257
"chscase_health.csv",89209,1784.18,227.799809544587,1235,2411,-1.15573202590543,-0.150218443163092,44604.5,892.09,113.899904772293,617.5,1205.5,-0.577866012952717,-0.075109221581546,62715.4217437785,1254.30843487557,157.338660214106,871.862661203013,1692.10652737941,1.13060898170338,0.0508318416720974,258,5.16,2.64467119209283,1,9,-1.3773272907856,-0.111052761528087,88951,1779.02,225.155138352494,1234,2402,0.221595264880162,-0.039165681635005,-2.75,-2.75,-2.75,-2.75,-2.75,-2.75,-2.75,0,-6.04083636081507e-17,0,0,0,0,-1.0318409319942e-16,59,29.5,28.9913780286484,9,50,-2.75,0,4,1.38629436111989,50,3.91202300542815,0,0,0,0,0,0,-Inf,2,3,0.48,0.52,0.5,0.0282842712474619,0.111111111111111,0.221659007163518,0.0391436022647829,0.692346967089961
"cities_r2.csv",818640992.27,1660529.39608519,3908505.08177013,306848.23,47785786.41,801.681518375737,83.1229991047137,45480055.1261111,92251.633115844,217139.171209452,17047.1238888889,2654765.91166667,44.5378621319854,4.61794439470632,66990118.1601757,135882.592616989,316303.158249705,28557.9037592657,3868693.15402867,34.4527156732246,4.00955931842322,8274,16.7829614604462,5.37749159248742,1,35,-1.35408324340962,-1.88078964094954,220919400,448112.373225152,1033227.58603564,100036,12478447,80.0036046027714,8.15061832052008,0.500750826520773,0.500750826520774,0.416682442311434,1.40374321287628,0.342173016330034,-1.88115918631127,-1.70667735591761,1.33725330018155,1.33725330018155,1.31220771903772,1.54756039418869,1.2969845871568,-0.395589941976885,-0.517784041554103,1011,337,266.737698872881,29,492,-2.33333333333333,-0.384875835608618,21,3.04452243772342,493,6.20050917404269,0,0,0,0,0,0,-Inf,15,4,0.498985801217039,0.501014198782961,0.5,0.00143429367380639,0.0476190476190476,70.9466087027271,7.63791634874161,0.693145123360192
"confidence.csv",138503.1,1923.65416666667,1519.35842923764,216.5,4517.7,-3.47665366923339,1.05056335477305,46167.7,641.218055555556,506.452809745881,72.1666666666667,1505.9,-1.15888455641113,0.350187784924351,33945.6028280542,471.466705945197,432.040344326491,41.6588926081015,922.097592448869,0.876305230952131,0.419141008453954,24377.3,338.573611111111,250.289483474536,45.9,899.1,-1.96755491332264,0.0368517195084373,85279.7,1184.44027777778,1005.2690434721,120.2,2567,-0.227814104612563,0.826299971671872,-2.33333333333333,-2.33333333333333,-2.33333333333333,-2.33333333333333,-2.33333333333333,-2.33333333333333,-2.33333333333333,0.377409350236857,0.377409350236856,0.384476784767014,0.379853779419024,0.373090301048377,0.13695238818442,0.329784255290985,0,0,0,0,0,0,0,3,1.09861228866811,72,4.27666611901606,0,0,0,0,0,0,-Inf,0,1,0.166666666666667,0.833333333333333,0.5,0.471404520791032,0.333333333333333,-1.98857763793427,-0.0251804349159292,0.450561208866305
"creditcard.csv",191077768.032453,95491.1384470029,48163.8152017237,-235.299054756662,175587.623301299,1791.68476774356,4.0129791393887,6369258.93441509,3183.03794823343,1605.46050672412,-7.84330182522205,5852.92077670998,59.7228255914519,0.133765971312957,34852367.0730571,17417.474799129,8748.22652191635,11.6514258909633,31476.8366602973,153.932857575657,5.0583695233889,-94.7972419540681,-0.0473749335102789,0.415670316822019,-28.6233529617822,2.36350763854915,-1.27800402172612,-7.08168144520387,190900313,95402.4552723638,47923.8171233586,41,172488,836.962270524083,23.6677561950306,23.1966215868917,23.1966215868917,23.1956451386718,7.79306635378256,23.1817470097573,18.6960899325449,12.8972644843868,4.9416677756597,4.94166777565971,4.9415196813539,2.14491368051421,4.93943064703767,4.29004674002772,3.24501881189593,0,0,0,0,0,0,0,30,3.40119738166216,2001,7.60140233458373,0,0,0,0,0,0,-Inf,1,1,0.00199900049975012,0.99800099950025,0.5,0.70427976756861,0.0333333333333333,-1.27800401743815,-0.0728561111447002,0.0144210051105387
"datatest2.csv",1411520.21934422,940.386555192683,523.575595336937,527.448286809048,3716.89572549726,3.17208642581761,4.24591453849392,282304.043868843,188.077311038537,104.715119067387,105.48965736181,743.379145099452,0.634417285163521,0.849182907698783,489517.156027618,326.127352450112,144.670466041645,212.96566271599,1003.97178188543,1.26387311048167,0.833770048850839,6.89251088315893,0.00459194595813386,0.000533298642248399,0,0.00572549725857041,-0.821245783355356,-0.189416932038526,1148554.65833333,765.192976904286,304.203279725704,486,2072,2.11482993075847,1.62864780356017,-0.991496592692841,-0.99149659269284,-2.05588395829644,-0.927618449157739,-2.12865112486137,-2.09903003321024,-2.16232909101219,1.01873702151452,1.01873702151452,0.394487516483581,1.06692525916601,0.356100992987927,-0.109463770010838,-0.257896062797958,1501,1501,NA,1501,1501,0,0,6,1.79175946922805,1501,7.31388683163346,0,0,0,0,0,0,-Inf,0,2,0.210526315789474,0.789473684210526,0.5,0.409377610160633,0.4,0.826084017140155,-1.33497930332141,0.514653165428929
"datatest.csv",2552872.4324348,957.925865829192,546.358101239302,469.803303314472,3155.38621109217,-2.91240583521626,3.70806850916386,510574.486486959,191.585173165838,109.27162024786,93.9606606628944,631.077242218435,-0.582481167043253,0.741613701832771,810861.481517398,304.263220081575,148.806624286112,186.754967303332,845.171059873556,0.188382862278707,0.0803520578203843,10.731982415744,0.00402701028733359,0.000610572688343767,0,0.00537775883971339,-0.732526275525764,0.648654341841114,1913220.74285714,717.906470115251,292.681718393776,427.5,1697.25,-0.276364839186015,0.841614072571274,-1.14042962697282,-1.14042962697281,-2.21020909033465,-0.930283364072793,-2.18896118608599,-1.44917464244871,-2.02900906420916,0.917704260024946,0.917704260024947,0.314227728933017,1.06468710246364,0.324782661587289,0.660125484186659,-0.0167789765129689,2665,2665,NA,2665,2665,0,0,6,1.79175946922805,2665,7.88795933659994,0,0,0,0,0,0,-Inf,0,2,0.364727954971857,0.635272045028143,0.5,0.191303560688743,0.4,-1.18053091852779,-0.639085470850145,0.656090072102029
"datatraining.csv",6289816.63930855,772.420071141907,515.625661451676,448.497674126914,3637.13730934657,4.18482383958713,4.95609015519692,1257963.32786171,154.484014228381,103.125132290335,89.6995348253828,727.427461869313,0.836964767917426,0.991218031039384,2091752.41193102,256.877368528923,144.555440066643,180.813387773625,982.63331889594,2.79830914365422,0.857205468512907,31.4523918815627,0.00386250667832036,0.000852331299143165,0,0.00647601323671025,-0.932552499490489,0.271917464434254,4939106.05833333,606.546243194564,314.320876881068,412.75,2028.5,5.7689745165928,2.38003245004656,-1.0280867221215,-1.0280867221215,-1.91332958392154,-0.927869645879951,-2.12783772003804,-1.01184232719233,-1.48250894124062,0.992561270511682,0.992561270511682,0.470003647025223,1.06671530139416,0.356516807646159,0.995579368534134,0.670254753330001,8143,8143,NA,8143,8143,0,0,6,1.79175946922805,8143,9.00491394146713,0,0,0,0,0,0,-Inf,0,2,0.212329608252487,0.787670391747513,0.5,0.406827369502514,0.4,3.47923607877353,-1.96766148461971,0.517026915470595
"dbworld_bodies.csv",300928,4702,1638.2488494568,0,9404,376912.899377712,0,32,0.5,0.174207661575584,0,1,40.0800616097099,0,29.5825577865418,0.462227465414716,0.0812290564890369,0,0,21.5020064123207,6.43874914368145,1,0.015625,0.125,0,1,-2.031005859375,-7.62890625,63,0.984375,0.50395263067897,0,1,57.093017578125,7.62890625,-1.96195836217812,-1.96195836217812,3.69793140530549,0,0,-1.26451637083096,-1.73958115416059,0,0,2.01661156574165,0,0,-0.64645338767075,0,9404,2,0,2,2,0,0,4702,8.45574322910002,64,4.15888308335967,0,0,0,0,0,0,-Inf,0,4703,0.453125,0.546875,0.5,0.0662912607362388,0.00552956188855806,3.0213898829503,-1.67848766474324,0.688746189270028
"dbworld_bodies_stemmed.csv",238144,3721,1345.69433867116,0,7442,291529.925334136,0,32,0.5,0.180824286303569,0,1,39.1735992117893,0,29.3124638144654,0.458007247101022,0.0905551604676165,0,0,22.2460245952266,6.36916274736553,1,0.015625,0.125,0,1,-2.031005859375,-7.62890625,63,0.984375,0.50395263067897,0,1,57.093017578125,7.62890625,-1.94759392383923,-1.94759392383923,2.75147333332863,0,0,-1.33097716683212,-1.70890315702314,0,0,1.86215656431867,0,0,-0.608202930281637,0,7442,2,0,2,2,0,0,3721,8.22174772834662,64,4.15888308335967,0,0,0,0,0,0,-Inf,0,3722,0.453125,0.546875,0.5,0.0662912607362388,0.0069873689868315,1.74662780219852,1.35222341230002,0.688746189270028
"dbworld_subjects.csv",15488,242,72.6936393064296,0,484,22458.6538153257,0,32,0.5,0.150193469641383,0,1,46.402177304392,0,30.4052681498279,0.475082314841061,0.0510243990230073,0,0,17.874339219877,6.91195512209906,1,0.015625,0.125,0,1,-0.739013671875,-7.62890625,63,0.984375,0.436435780471985,0,1,57.093017578125,7.62890625,-1.99416806963739,-1.99416806963739,8.80995056015699,0,0,-0.185854858823634,-1.86877141372473,0,0,2.70498055999221,0,0,-1.21675413690057,0,484,2,0,2,2,0,0,242,5.48893772615669,64,4.15888308335967,0,0,0,0,0,0,-Inf,0,243,0.453125,0.546875,0.5,0.0662912607362388,0.105371900826446,-0.0472907785593009,-1.11077019281946,0.688746189270028
"dbworld_subjects_stemmed.csv",14656,229,69.9917625193127,0,458,20978.4999793775,0,32,0.5,0.152820442181905,0,1,45.8045851078112,0,30.324719643291,0.473823744426422,0.0551925524084517,0,0,18.5547501930243,6.86958495159992,1,0.015625,0.125,0,1,-0.939523097719806,-7.62890625,63,0.984375,0.445156919006863,0,1,57.093017578125,7.62890625,-1.99217138287626,-1.99217138287626,7.5251408262271,0,0,-0.325080475063098,-1.85488995661767,0,0,2.54684455249312,0,0,-1.17142593677623,0,458,2,0,2,2,0,0,229,5.43372200355424,64,4.15888308335967,0,0,0,0,0,0,-Inf,0,230,0.453125,0.546875,0.5,0.0662912607362388,0.109170305676856,-0.437443286556372,-0.743724624527119,0.688746189270028
"dcg.csv",7128,1,1.44720854918948,0,4,9.17271056449113,6.48996608683013,1782,0.25,0.361802137297371,0,1,2.29317764112278,1.62249152170753,1877.72823734782,0.263429887394475,0.0780746647177532,0,0,2.64347972315822,1.48789656003921,805,0.112934904601571,0.316535414156591,0,1,-1.63275316900407,-0.606197850413304,4598,0.645061728395062,0.478528181266812,0,1,3.98001248009464,2.44529222341819,-1.68813718470873,-1.68813718470873,-1.69770796605482,0,0,-1.71850307371657,-1.69183699554338,0.749057134303417,0.749057134303417,0.735428683140513,0,0,-0.706940342754669,-0.7437035222408,11,11,NA,11,11,0,0,1,0,7128,8.87178596915065,0,0,0,0,0,0,-Inf,0,2,0.5,0.5,0.5,0,0.75,-1.62809840298142,0.607973735624659,0.693147180559945
"default_of_credit_card_clients.csv",934650688,467091.79810095,631905.756727632,-235400,6117260,1363.61464236615,96.2976959306466,44507175.6190476,22242.4665762357,30090.7503203634,-11209.5238095238,291298.095238095,64.9340305888643,4.58560456812603,76962787.3930484,38462.1626152166,35795.5390090888,37372.8420415401,247518.878301819,111.815699952437,5.05676465659799,-607,-0.303348325837081,0.803872125902247,-170000,6,0.273086918876091,0.750650070430464,333650000,166741.629185407,131371.906095422,10000,780000,433.95782355452,16.712671310578,6.57926805699351,6.57926805699352,0.529341751906781,12.5328394063302,-1.41927601063795,2.96594763838453,-0.557717136721231,2.49037324056849,2.49037324056849,1.11799845834889,-3.63322512130117,-0.0834916189133808,1.83680391860498,1.02170043736439,6,3,1.4142135623731,2,4,-2.75,0,23,3.13549421592915,2001,7.60140233458373,0,0,0,0,0,0,-Inf,21,3,0.221389305347326,0.778610694652674,0.5,0.394015023,0.192307692307692,6.24449669510085,-2.15562135673153,0.528660742925055
"dermatology.csv",12994,36.2960893854749,15.3245573343372,0,75,-0.727522703573612,0.072738568466147,12994,36.2960893854749,15.3245573343372,0,75,-0.727522703573612,0.072738568466147,NA,NA,NA,NA,NA,NA,NA,12994,36.2960893854749,15.3245573343372,0,75,-0.727522703573612,0.072738568466147,12994,36.2960893854749,15.3245573343372,0,75,-0.727522703573612,0.072738568466147,0,0,0,0,0,0,0,0,0,0,0,0,0,0,129,3.90909090909091,0.384353057392904,2,4,16.3960258855364,-4.10197130644175,34,3.52636052461616,366,5.90263333340137,8,0.0218579234972678,1,0.0294117647058824,8,0.000642880102860816,2.07944154167984,1,34,0.306010928961749,0.693989071038251,0.5,0.274341975214453,0.0186915887850467,-0.610168793993496,0.0438064772292625,0.615871646494921
"fertility_Diagnosis.csv",190.78,1.9078,0.475214713402894,0.76,3,0.854481846723268,0.586791623430166,63.5933333333333,0.635933333333333,0.158404904467631,0.253333333333333,1,0.284827282241089,0.195597207810055,21.4519960221266,0.214519960221265,0.0334783371431525,0.224796204001165,0,0.37861181384433,0.874800060882955,40.68,0.4068,0.121318513913507,0.06,1,-0.143778127745683,-0.812695613963413,83.2,0.832,0.186395257233632,0.5,1,0.573762134999679,0.752510423516632,-2.33333333333333,-2.33333333333333,-2.33333333333333,-2.33333333333333,0,-2.33333333333333,-2.33333333333333,-0.150480190622381,-0.150480190622382,-0.251642249937674,0.223897380175344,0,-0.318698458346998,-0.378607941018551,16,2.66666666666667,0.816496580927726,2,4,-1.58333333333333,0.476289672207841,9,2.19722457733622,100,4.60517018598809,0,0,0,0,0,0,-Inf,0,7,0.12,0.88,0.5,0.537401153701776,0.473684210526316,-1.03885469030675,0.176469863646294,0.36692499127271
"ftp.csv",5436,2.71664167916042,3.16467500954553,1,43,36.5248789878644,4.7062468379602,5436,2.71664167916042,3.16467500954553,1,43,36.5248789878644,4.7062468379602,NA,NA,NA,NA,NA,NA,NA,5436,2.71664167916042,3.16467500954553,1,43,36.5248789878644,4.7062468379602,5436,2.71664167916042,3.16467500954553,1,43,36.5248789878644,4.7062468379602,0,0,0,0,0,0,0,0,0,0,0,0,0,0,5807,967.833333333333,959.619386354125,11,1883,-2.29234079646063,-0.00859346074260537,7,1.94591014905531,2001,7.60140233458373,0,0,0,0,0,0,-Inf,1,7,0.211394302848576,0.788605697151424,0.5,0.408150091089686,0.333333333333333,36.5309118322001,4.70651800234988,0.515798168189451
"heart.csv",158264.5,586.164814814815,102.967838547628,320,1049.2,6.53136982626652,2.45041617450642,31652.9,117.232962962963,20.5935677095257,64,209.84,1.3062739652533,0.490083234901283,25696.4257786954,95.1719473285014,19.306514672808,50.2841923470985,214.885616084465,2.10193051625102,0.796610169618537,283.5,1.05,1.145209839378,0,6.2,-0.574982003385089,-0.521887420331198,67408,249.659259259259,51.6862371164312,126,564,4.72572130253993,1.24889571152987,-1.76539473434773,-1.76539473434773,-1.42348773684771,-1.94056236655733,-1.33378095983186,-1.42484762651678,-2.11702187787005,0.12605573887026,0.12605573887026,0.588764282720069,-0.0618953782673021,0.677885245043981,0.650975368666858,-0.21758779659952,23,2.875,0.83452296039628,2,4,-1.72093811637081,0.18147170884357,13,2.56494935746154,270,5.59842195899838,0,0,0,0,0,0,-Inf,4,9,0.444444444444444,0.555555555555556,0.5,0.0785674201318387,0.107142857142857,4.5526684859363,-1.15161311560925,0.686961576597323
"hepatitis.csv",38813.3,299.516492253343,178.463792726361,49.4,1135.4,25.1413759097946,7.53335441309336,6468.88333333333,49.9194153755571,29.7439654543935,8.23333333333333,189.233333333333,4.1902293182991,1.25555906884889,5727.05254329543,42.5659254724771,34.8287762567819,10.1860034688128,248.299187809116,5.83724351260081,1.42647691392915,212.7,1.42751677852349,0.651523082616213,0,6.4,-0.627295891510474,-0.119375141859511,13271,105.325396825397,89.6508897385022,26,648,13.3000786154333,3.11569485451929,-1.96143576791467,-1.92513975859535,-1.34944677603371,-1.28584878924775,-0.946425085900862,-1.73402333093862,-2.00499330557074,0.119021044599776,0.0122473376655114,0.678767310646414,0.711215734992481,0.910043219878892,0.574310551743588,0.296759973626501,36,2.76923076923077,0.438529009653515,2,3,-0.75621301775148,-1.13342882495062,19,2.94443897916644,155,5.04342511691925,72,0.464516129032258,5,0.263157894736842,122,0.0414261460101868,4.80402104473326,4,14,0.206451612903226,0.793548387096774,0.5,0.415140110245005,0.0714285714285714,11.3693224191869,2.8526520218436,0.509217216271514
"Hill_Valley_with_noise_Training.csv",483052848.37,797116.91150165,1790931.28332789,84.47,11293087.11,958.205149428987,302.274105525985,4830528.4837,7971.1691150165,17909.3128332789,0.8447,112930.8711,9.58205149428987,3.02274105525985,31388.7726921817,51.7966546075604,210.918423083372,0.0959635347410671,4915.41042061111,0.563663795189239,0.0594705554900254,4751500.38,7840.7597029703,17364.0293137845,0.48,100942.33,8.38289563353543,2.88623559565185,4924953.59,8126.98612211221,18501.3049953585,0.98,128075.46,11.5414654133611,3.22815697215441,0.0472837980053606,0.0472837980053655,0.407337516871065,1.69382067877858,0.213939930721031,0.951719284600717,0.800667453532803,0.25847766693403,0.258477666934014,0.107450912428378,-1.40733572388001,-0.208725350238123,0.634300794595595,0.482469957953366,0,0,0,0,0,0,0,100,4.60517018598809,606,6.40687998606931,0,0,0,0,0,0,-Inf,0,1,0.493399339933993,0.506600660066007,0.5,0.00933474298596102,0.01,9.19460259664094,2.98318646463888,0.693060040602178
"Hill_Valley_without_noise_Training.csv",504087526.38918,831827.601302278,1899175.53567426,86.996570088,12350743.9156,1029.48218051425,311.475495917245,5040875.2638918,8318.27601302278,18991.7553567426,0.86996570088,123507.439156,10.2948218051425,3.11475495917245,23015.5272103054,37.9794178387879,197.435326571297,0.0849922794146712,12658.6429649898,0.966340346748432,0.087254448644354,4993011.16422189,8239.29235020114,18656.0972696958,0.507163679,112785.3933,9.60480437422858,3.05300539171092,5105767.46434657,8425.35885205704,19649.3237155354,0.943662935,164627.0536,14.1826753168402,3.45326142471422,0.119640320089771,0.119640320089791,2.24936245773263,3.89593532574668,1.03200303371703,3.72066397129078,3.49846064645285,0.267478963335515,0.267478963335566,1.35772234918589,-1.96459741251606,1.40920016715321,2.05317326412904,2.01431475043158,0,0,0,0,0,0,0,100,4.60517018598809,606,6.40687998606931,0,0,0,0,0,0,-Inf,0,1,0.496699669966997,0.503300330033003,0.5,0.00466737149298053,0.01,9.93038961145712,3.08316399671454,0.693125396045103
"house-votes-84.csv",6944,16,19.0745807880787,0,48,294.921175795754,78.6154866626643,144.666666666667,0.333333333333333,0.397387099751639,0,1,6.14419116241153,1.63782263880551,93.5997211610079,0.21566756027882,0.139921910113858,0,0,13.9148173563801,2.35869891188972,7,0.0161290322580645,0.126117149013422,0,1,-2.00426473900032,-0.512085593625055,271,0.624423963133641,0.500555772895099,0,1,56.7401388337188,7.65567666973879,-1.5161900562596,-1.5161900562596,-1.18815998569704,0,0,2.20537130341245,-0.569092889347062,-0.39192365379087,-0.39192365379087,-0.821729264031498,0,0,1.6960769858521,0.985214658596012,48,3,0,3,3,0,0,16,2.77258872223978,434,6.07304453410041,0,0,0,0,0,0,-Inf,0,17,0.384792626728111,0.615207373271889,0.5,0.162927829766486,0.4375,-1.61185238597019,-0.1282217638039,0.666361680491039
"imdb.csv",7505,5,4.42549756229773,0,10,-2.40623764571637,-2.77555756156289e-16,750.5,0.5,0.442549756229773,0,1,-0.240623764571637,-2.77555756156289e-17,349.072819528151,0.232560172903499,0.0789382231622251,0,0,2.88835214375339,1.39822713666555,149,0.0992671552298468,0.299120035961878,0,1,-1.97774502769339,-2.67762650026008,1352,0.900732844770153,0.498696502092405,0,1,5.17313146282745,2.67762650026008,-0.980773895569688,-0.980773895569688,-0.716544484412498,0,0,-0.469581715743436,-0.2282077345896,0,-8.83543860849765e-17,-1.04370698265465,0,0,1.2075914804567,-5.83066463304698e-16,10,2,0,2,2,0,0,5,1.6094379124341,1501,7.31388683163346,0,0,0,0,0,0,-Inf,0,6,0.45836109260493,0.54163890739507,0.5,0.0588863075605053,0.4,-1.70455381782323,-0.311194994955186,0.689675564104807
"indian_ilpd.csv",315278.55,541.722231239373,742.417017722191,91.4,9241.6,266.471101457264,29.4419782555984,35030.95,60.191359026597,82.4907797469101,10.1555555555556,1026.84444444444,29.6079001619182,3.27133091728871,55459.9816627832,95.2915588004248,119.985975473222,20.2025438442236,1705.56804035423,48.1426157500848,3.6234348858999,547.45,0.947145328719723,0.319862919600194,0.1,2.8,-0.56943730574532,-0.282563121465904,169219,290.754295532646,289.141876123395,63,4929,148.863465365317,10.4840812226231,0.888840936497818,0.88887158256393,-1.48938822253367,2.22859142334846,0.151425293767301,1.24945137217386,-0.905837324718599,1.47036567327932,1.47037765399543,0.713722940108207,1.93002982959454,1.24766083741306,1.59159376020508,0.664222570350216,2,2,NA,2,2,0,0,10,2.30258509299405,582,6.36647044773144,4,0.00687285223367698,1,0.1,4,0.000687285223367698,1.38629436111989,4,2,0.286941580756014,0.713058419243986,0.5,0.301310106072618,0.272727272727273,95.2158215117824,8.22422085915344,0.599390460498898
"ionosphere.csv",2638.2877,7.53796485714286,17.0577540717192,-32,32,6.10318105275379,-16.6449648428179,82.446490625,0.235561401785714,0.533054814741226,-1,1,0.190724407898556,-0.52015515133806,77.8887903643406,0.222539401040973,0.0546519742962256,0,0,0.806314946113,0.546971829696769,-24.47488,-0.0699282285714286,0.442032098380281,-1,1,-0.699276773823142,-1.83205158913982,224.1156,0.640330285714286,0.653612491037713,-1,1,2.9757838677071,0.106313914619209,-1.42828412012098,-1.42828412012098,-0.750222419961212,0,0,2.78638200261503,-0.760968319602674,0.138636705199613,0.138636705199613,0.533074483740828,0,0,1.68279081771524,-0.559750932502232,2,2,NA,2,2,0,0,33,3.49650756146648,350,5.85793315448346,0,0,0,0,0,0,-Inf,0,2,0.36,0.64,0.5,0.197989898732233,0.705882352941177,-1.25861017612667,0.26416916599013,0.653418194793702
"kohkiloyeh.csv",500,5,6.1856818270671,0,15,8.32113504399408,13.8640930829769,33.3333333333333,0.333333333333333,0.41237878847114,0,1,0.554742336266272,0.924272872198458,22.8525292962966,0.228525292962966,0.0744699703480598,0,0,2.93063116222502,1.34746411453209,7,0.07,0.256432399976243,0,1,-2.01361730769231,-2.04395836406223,86,0.86,0.502116731568678,0,1,9.11499953917051,3.32017327014402,-0.274471292499591,-0.274471292499591,-1.11073603625197,0,0,2.04175243029522,-0.356245400963442,0.911249677378476,0.911249677378476,-0.386842319638496,0,0,1.50825530714883,-0.417678626615194,15,3,1.22474487139159,2,5,-1.4,0.653197264742181,5,1.6094379124341,100,4.60517018598809,0,0,0,0,0,0,-Inf,0,6,0.32,0.68,0.5,0.254558441227157,0.6,-1.3589582511375,-0.321928365199451,0.626869457572426
"krk.csv",21239,21.239,13.8157761000374,0,42,-7.45326379567422,-0.0780640747430162,3539.83333333333,3.53983333333333,2.30262935000624,0,7,-1.24221063261237,-0.013010679123836,98.002891113817,0.098002891113817,0.0182193864345761,0,0,0.0160194316159862,0.0756935643148502,3435,3.435,2.27992149909641,0,7,-1.26247723716531,-0.112930795462858,3662,3.662,2.32414234453005,0,7,-1.21414631495333,0.0620393224869683,-2.14145470338501,-2.14145470338501,-1.96950514698768,0,0,-0.994004529364829,-2.03486676737424,0.0821234134581345,0.0821234134581335,-0.123652067846927,0,0,0.540979767624723,-0.20942436586451,0,0,0,0,0,0,0,6,1.79175946922805,1000,6.90775527898214,0,0,0,0,0,0,-Inf,6,1,0.342,0.658,0.5,0.223445742854949,1,-0.406094355005179,-0.0281361426361396,0.642353162094667
"lupus.csv",13419.15,154.243103448276,96.0864301951029,4.2,386.67,6.79305371397152,3.57181381411156,4473.05,51.414367816092,32.0288100650343,1.4,128.89,2.26435123799051,1.19060460470385,6862.41654065825,78.8783510420489,37.170800860737,2.25166604983954,137.105639198393,5.21068055610462,1.57914324784959,123.35,1.41781609195402,1.32964886542253,0.1,4.67,-1.00798508293153,-0.130381019682074,12384,142.344827586207,73.356064980659,4,276,8.27316769323212,2.93964743060921,-2.33333333333333,-2.33333333333333,-2.33333333333333,-2.33333333333333,-2.33333333333333,-2.33333333333333,-2.33333333333333,0.37919201148352,0.37919201148352,0.262550402767163,0.384900179459751,0.162298146321605,0.380325831012071,0.25115149041151,0,0,0,0,0,0,0,3,1.09861228866811,87,4.46590811865458,0,0,0,0,0,0,-Inf,1,1,0.402298850574713,0.597701149425287,0.5,0.138170290576682,0.666666666666667,-1.00521970446473,0.138341290005125,0.673932767868794
"lymphoma_2classes.csv",8609.26,186.962272393806,2429.94399200224,-5423.06,5837.7,1325.10766509197,136.727265417356,2.13841530054645,0.0464387164415811,0.603562839543527,-1.34700943864878,1.45,0.329137522377539,0.0339610694032181,12.3445821373787,0.282353061569669,0.272038511142142,0.735496890162589,0.775011664909207,1.63025984233087,0.589341234641108,-71.62,-1.59155555555556,0.1936909092544,-6.28,0.17,-1.66452910940004,-3.9661824128569,140.66,3.12577777777778,2.7577218859051,-0.23,6.3,23.925345162727,4.47303045350786,10.5629730610335,9.81612284122384,7.2137445042328,5.13780994706076,4.89391066488693,57.3312016773552,6.07141661449793,1.33586244030519,1.23259367311695,2.08766327026043,-1.78052791162347,1.82848136632357,5.88795910193365,0.524411872094326,0,0,0,0,0,0,0,4026,8.30052860619974,45,3.80666248977032,38,0.844444444444444,2116,0.525583705911575,5948,0.0328310426671082,8.69081030758005,0,1,0.488888888888889,0.511111111111111,0.5,0.0157134840263677,0.00894187779433681,0.180937425236998,-0.754745632706278,0.692900246653578
"magic04.csv",609607.2152,304.65128195902,287.084292794722,-847.1836,1828.0638,45.2565416023181,6.48343491332169,60960.72152,30.465128195902,28.7084292794722,-84.71836,182.80638,4.52565416023181,0.648343491332169,120021.617599749,59.9808183906791,26.0607992138163,160.731533455042,174.13582652025,5.64105412043059,1.36365783316519,-10595.6018,-5.29515332333833,0.107873639468148,-449.9526,0.6159,-0.513416890692264,-1.252602453234,387973.1937,193.889652023988,73.0974338444023,18.578,473.0654,15.8571051324028,3.37701379655116,2.54968281511119,2.54968281511119,-1.48749918852737,-0.0243346127099522,-1.38100134298195,-1.00957328161111,-0.642924853917667,1.95475647409438,1.95475647409438,0.314968932783358,-1.24964243809579,0.463230850888279,0.678155909370669,0.470406616369804,0,0,0,0,0,0,0,10,2.30258509299405,2001,7.60140233458373,0,0,0,0,0,0,-Inf,0,1,0.351824087956022,0.648175912043978,0.5,0.209552384429597,0.5,0.351083924623939,0.718823089959322,0.648568514097132
"mammographic_masses.csv",59769,62.6320031696568,17.8297078152465,19,156,674.384794598417,23.5567329375074,19923,20.8773343898856,5.9432359384155,6.33333333333333,52,224.794931532806,7.85224431250248,28696.7510181902,29.983280943087,7.39396016141471,10.1159939369957,45.5741154604234,391.048552469228,13.8132693895071,2553,2.79627601314348,1.56654558314914,0,5,-1.63199905308109,-0.206542745545066,53046,55.4874476987448,14.4801307944537,18,96,676.338271677747,23.8021401208716,-2.33333333333333,-2.33333333333333,-2.33333333333333,-2.33333333333333,-2.33333333333333,-2.33333333333333,-2.33333333333333,0.38352578457956,0.383740317131175,0.384529014741137,0.380673094638083,-0.0655416007812059,0.384895316208025,0.384836374451215,10,5,0,5,5,0,0,5,1.6094379124341,961,6.86797440897029,54,0.0561914672216441,3,0.6,55,0.0114464099895942,4.00733318523247,3,3,0.463059313215401,0.536940686784599,0.5,0.052242020254157,0.111111111111111,0.262024739222737,-0.390603481875006,0.690415463546293
"messidor_features.csv",336008.613973,291.927553408341,228.001189783827,6.774942,1512.264529,653.128543186262,58.3105028121777,21000.5383733125,18.2454720880213,14.2500743614892,0.423433875,94.5165330625,40.8205339491414,3.6444064257611,22605.1391433896,19.6395648509032,15.5068828594182,0.475524578866733,99.6868612736483,65.8149102595738,4.28643079524711,42.846132,0.0372251364031277,0.0179448494811521,0,0.219199,-0.698825322985407,-0.190243858650464,73775.272141,64.0966743188532,58.4852892695941,1,403.939108,193.798609364867,11.9331467951195,-0.668356439466503,-0.668356439466502,1.41559410443265,-1.89260177918664,3.03202072852873,-0.0135116278436169,-0.996112043327385,0.658160004318672,0.658160004318672,1.24417953941157,0.330812673466544,1.67816548146068,1.23578470392885,0.86309568882103,6,2,0,2,2,0,0,19,2.94443897916644,1151,7.04838640872188,0,0,0,0,0,0,-Inf,6,4,0.469157254561251,0.530842745438749,0.5,0.0436182289002996,0.0909090909090909,1.05663360804244,-1.0150623366778,0.691243422261989
"monks-1.train.csv",744,6,7.99079832661109,0,17,-24.217828952342,10.9017921286473,43.7647058823529,0.352941176470588,0.470046960388888,0,1,-1.42457817366718,0.641281889920432,11.8665991956663,0.0956983806102121,0.0251795215970363,0,0,0.502392683181582,0.43178744184197,29,0.233870967741935,0.425008291984952,0,1,-2.00682756920146,-0.19211351388257,68,0.548387096774194,0.501440359144711,0,1,-0.460337958040532,1.24224790604491,-0.768220415568559,-0.768220415568558,-1.21489620409622,0,0,-1.05192738840861,-0.934364340936806,0.678301498884049,0.67830149888405,-0.352880852540323,0,0,0.538632725795072,-0.464521948929181,141,20.1428571428571,45.8018506592203,2,124,0.794374054886209,1.6190827308574,7,1.94591014905531,124,4.82028156560504,0,0,0,0,0,0,-Inf,0,8,0.5,0.5,0.5,0,0.588235294117647,-0.958639845796455,0.0645553846417453,0.693147180559945
"monks-2.train.csv",1014,6,7.98942589288981,0,17,-24.190986492153,10.9380708236564,59.6470588235294,0.352941176470588,0.469966228993518,0,1,-1.42299920542077,0.643415930803317,15.7596842309363,0.0932525694138245,0.0259048312157152,0,0,0.530820933707805,0.426661772498898,37,0.218934911242604,0.41475328498386,0,1,-2.01166090328852,-0.0351938556632231,86,0.50887573964497,0.501477108092511,0,1,-0.185732300889334,1.34731654619301,-1.04029040628391,-1.04029040628391,-0.624774162067082,0,0,-0.197548883883703,-1.02291725245057,0.534290331781225,0.534290331781225,-0.548772494809611,0,0,0.844064077172488,-0.289206775134609,186,26.5714285714286,62.8088559118249,2,169,0.795097229853352,1.61944082240537,7,1.94591014905531,169,5.12989871492307,0,0,0,0,0,0,-Inf,0,8,0.378698224852071,0.621301775147929,0.5,0.171546615554133,0.647058823529412,-1.20253600587714,-0.0118027241116542,0.663423246866512
"monks-3.train.csv",732,6,7.99411203078937,0,17,-24.2751539047548,10.8989423284296,43.0588235294118,0.352941176470588,0.470241884164081,0,1,-1.42795022969146,0.641114254613507,11.5675763896078,0.094816199914818,0.0253002417558586,0,0,0.502236762037031,0.428145590263464,28,0.229508196721311,0.422250664770585,0,1,-2.01209198683793,-0.129817783665254,65,0.532786885245902,0.501791938664534,0,1,-0.388331261247058,1.27068909409975,-0.998033136314414,-0.998033136314413,-1.20702645910523,0,0,-1.00424453100071,-1.0964522248374,0.611597794301548,0.611597794301549,-0.301976681185692,0,0,0.503526500840376,-0.418954784569073,139,19.8571428571429,45.0460082265106,2,122,0.794321786297309,1.61905685612175,7,1.94591014905531,122,4.80402104473326,0,0,0,0,0,0,-Inf,0,8,0.491803278688525,0.508196721311475,0.5,0.0115919144456811,0.647058823529412,-1.18560515425355,0.0745528699079383,0.693012802060128
"mushrooms.csv",42021,21,26.594750067973,0,69,2353.70091455329,129.826285261656,609,0.304347826086957,0.385431160405406,0,1,34.111607457294,1.88154036611095,453.377780404715,0.226575602401157,0.113301195054475,0,0,240.33080269862,5.74744342683241,1,0.000499750124937531,0.0223550917004948,0,1,-1.99840175867238,-5.95434644794203,1949,0.974012993503248,0.49996251733568,0,1,1994.0029977515,44.6654955615083,1.11622892497628,1.11622892497628,0.801558625668242,0,0,61.0990165143023,41.8110683482765,1.1817150820294,1.1817150820294,-1.20443137042167,0,0,7.85959743077636,5.99523410112277,115,5.47619047619048,3.02686384925136,2,12,-1.08558374789441,0.449824590050846,21,3.04452243772342,2001,7.60140233458373,0,0,0,0,0,0,-Inf,0,22,0.482258870564718,0.517741129435282,0.5,0.0250897458591928,0.420289855072464,-1.04621207149362,-0.560289383197257,0.692517553057972
"musk.csv",-15305955,-7649.15292353823,14280.9581657687,-33695,32828,270.828084330308,77.5734604875816,-92204.5481927711,-46.079234479146,86.029868468486,-202.981927710843,197.759036144578,1.63149448391752,0.467310002937238,134407.054354754,67.1699422062741,21.5640001877538,85.5876281693525,78.3117453726309,6.78122174260302,1.25099590647216,-532223,-265.978510744628,14.4285679370353,-470,21,-1.6299345546813,-1.24305624559023,403202,201.500249875062,131.454444502688,98,624,43.8467513428376,6.09750886774086,0.996591828987758,0.996591828987759,-0.00558795559087777,0.496627574094866,4.30349563909805,19.1995474215708,6.7099313513784,0.316732106199739,0.316732106199739,-0.256008286260076,0.107761146585905,1.21812665776104,4.23564251886602,2.46624563446197,2183,727.666666666667,1102.73901415219,91,2001,-2.33333333333333,0.384900179459751,169,5.12989871492307,2001,7.60140233458373,0,0,0,0,0,0,-Inf,166,4,0.154422788605697,0.845577211394303,0.5,0.488719979200897,0.201149425287356,-1.44845213582188,0.226740353759599,0.430304763108191
"numeric_sequence.csv",42000,28,27.7550457062419,0,56,-107.928828253003,1.92380833485828e-15,750,0.5,0.495625816182892,0,1,-1.92730050451792,3.43595284912504e-17,101.633029706256,0.067755353137504,0.00319261602764817,0,0,0.0525581114479768,0.274459788380781,596,0.397333333333333,0.48950924583375,0,1,-2.00115534017808,-0.419188087234075,904,0.602666666666667,0.500155635106155,0,1,-1.82549701249233,0.419188087234075,-1.57010089981333,-1.57010089981333,-1.23670526977117,0,0,-1.213617129165,-1.55791009646377,0,-1.82070265758554e-16,-0.265850101851893,0,0,0.287086168661764,-2.75963976049544e-16,56,2,0,2,2,0,0,28,3.3322045101752,1500,7.3132203870903,0,0,0,0,0,0,-Inf,0,29,0.5,0.5,0.5,0,0.464285714285714,-0.81660262948666,-0.125075405643028,0.693147180559945
"nursery.csv",16008,8,12.1198915955948,0,27,-26.0327531192154,25.2169876829574,592.888888888889,0.296296296296296,0.448884873910919,0,1,-0.964176041452421,0.933962506776199,160.138001383742,0.0800289861987718,0.0312585797499369,0,0,0.72815846411161,0.412707546681936,390,0.194902548725637,0.396224687517702,0,1,-1.98432217948284,-0.129107461629929,1065,0.532233883058471,0.499084619349629,0,1,0.369484564913252,1.53925279464746,1.03813307317085,1.03813307317085,-1.21758315538043,0,0,-1.08679319259945,-0.0892867146190413,0.977455123675189,0.977455123675189,-0.280474062021973,0,0,0.515123649205087,-0.456035708954332,27,3.375,0.916125381312904,2,5,-1.06011628564962,0.320063269818123,8,2.07944154167984,2001,7.60140233458373,0,0,0,0,0,0,-Inf,0,9,0.333333333333333,0.666666666666667,0.5,0.235702260395516,0.666666666666667,-1.90399955693395,0.125627434621949,0.636514168294813
"parkinsons.csv",95229.351976,488.355651158974,182.977847719334,258.866565,1130.395163,115.776417679249,35.9009333754562,4328.606908,22.1979841435897,8.31717489633336,11.7666620454545,51.3815983181818,5.26256443996585,1.63186060797528,10919.1423065543,55.9956015720731,22.3362702708821,30.5618448462357,141.150024891172,6.23089181837817,1.31479817156212,-1108.457365,-5.68439674358974,3.48219085997633e-05,-7.964984,-2.434031,-0.950114195398358,-0.506431972224499,38435.459,197.104917948718,91.4915476350303,102.145,592.03,21.1547625214543,4.15599713907231,3.11595281028982,3.11595281028982,6.25356622557091,2.7246662693429,7.1577164696964,-0.394606544832728,-1.23803527081497,2.14488996957729,2.14488996957729,2.6317247357541,2.08206950167205,2.76950911650299,0.846933015501221,0.097447570250258,195,195,NA,195,195,0,0,23,3.13549421592915,195,5.27299955856375,0,0,0,0,0,0,-Inf,0,2,0.246153846153846,0.753846153846154,0.5,0.358992673525478,0.136363636363636,5.12628049015656,2.04155187044427,0.558070128922449
"php3BOEY5.csv",10586250.68,14209.7324563758,55371.6357180711,75.75,958870.86,4770.29155083837,297.01237064445,302464.305142857,405.992355896453,1582.04673480203,2.16428571428571,27396.3102857143,136.294044309668,8.48606773269856,1589256.52260467,2133.23023168413,8591.22439621299,4.29019764093909,149060.947864532,121.550745628115,5.50726552068098,85.52,0.114791946308725,0.0810979159908664,0,0.5,-1.04298283391464,-2.65483809083451,9417898.35,12641.474295302,50872.7599177196,23.22,882628.66,415.615900764051,18.2930008492506,27.9229090124766,27.9229090124766,27.9589576200802,14.2818278391551,27.9618617087106,-0.843133370014777,-1.01842881976677,5.38552262785251,5.38552262785251,5.39045866835709,3.64600860871991,5.39085814720334,0.623490190818726,-0.130859117528185,2,2,NA,2,2,0,0,36,3.58351893845611,745,6.61338421837956,0,0,0,0,0,0,-Inf,22,2,0.0214765100671141,0.978523489932886,0.5,0.676734409377193,0.027027027027027,136.202990045414,10.1290843987489,0.103731104030367
"php4ylQmK.csv",95229.351976,488.355651158974,182.977847719334,258.866565,1130.395163,115.776417679249,35.9009333754562,4328.606908,22.1979841435897,8.31717489633336,11.7666620454545,51.3815983181818,5.26256443996585,1.63186060797528,10919.1423065543,55.9956015720731,22.3362702708821,30.5618448462357,141.150024891172,6.23089181837817,1.31479817156212,-1108.457365,-5.68439674358974,3.48219085997633e-05,-7.964984,-2.434031,-0.950114195398358,-0.506431972224499,38435.459,197.104917948718,91.4915476350303,102.145,592.03,21.1547625214543,4.15599713907231,3.11595281028982,3.11595281028982,6.25356622557091,2.7246662693429,7.1577164696964,-0.394606544832728,-1.23803527081497,2.14488996957729,2.14488996957729,2.6317247357541,2.08206950167205,2.76950911650299,0.846933015501221,0.097447570250258,0,0,0,0,0,0,0,22,3.09104245335832,195,5.27299955856375,0,0,0,0,0,0,-Inf,0,1,0.246153846153846,0.753846153846154,0.5,0.358992673525478,0.136363636363636,5.12628049015656,2.04155187044427,0.558070128922449
"php9xWOpn.csv",6818295701.568,3512774.70456878,4068631.00868364,14997.8037,37754011.9653,2953.52673970036,101.163555645718,284095654.232,146365.612690366,169526.292028485,624.9084875,1573083.8318875,123.063614154182,4.21514815190493,903013665.21454,465231.151578846,505234.807874718,1893.48873260878,4234197.65987515,364.223875565127,9.05687078000503,-254.8631,-0.131305048943843,0.0589611693520501,-0.9989,0.6421,-1.70772047670858,-0.927147693038988,3204083827,1650738.70530654,1774590.08900021,6724,12987692,1657.05599992595,39.2324479544875,6.11887159511532,6.11887159511531,5.50789466566962,5.94567765056273,2.7234104074408,10.4170343229156,6.94883825266977,2.79042193449855,2.79042193449855,2.65199508688609,2.74843868909012,2.1403609679878,3.27409302632028,2.69867098683579,19,2.11111111111111,0.333333333333333,2,3,2.62962962962963,2.07407407407407,33,3.49650756146648,1941,7.57095858316901,0,0,0,0,0,0,-Inf,12,10,0.34672849046883,0.65327150953117,0.5,0.216758647504377,0.0232558139534884,11.3093782491983,2.80669343612613,0.645397889697957
"phphHV8xl.csv",1024263.82,526.40277318034,194.304283430683,59.27,1283.9,55.4350008250367,0.817334263926495,17659.7210344828,9.07590988241966,3.35007385225315,1.02189655172414,22.1362068965517,0.955775876293736,0.0140919700676982,12000.0880643631,5.94581750815473,2.4955602523473,3.32973074982103,22.0840237424749,2.42972081038928,0.82347608427496,394.65,0.201044319918492,0.298865131014431,-0.73,0.9,-1.13019573336398,-1.10119553183372,52335,26.4853238866397,12.8288423761455,18,100,13.4478790663923,3.18853495137781,1.18939052726047,1.32016478500974,3.86595079756632,20.3276045832696,2.55800259865469,10.3837324350094,2.79899866675821,1.43589808299874,1.49577443223454,1.90353630415999,4.56395976522424,1.77743615500597,2.83447621080243,1.57735931983691,449,7.015625,31.8769918456398,2,258,57.0481128091325,7.62451289747737,122,4.80402104473326,2001,7.60140233458373,1776,0.887556221889055,56,0.459016393442623,4362,0.0178681151227665,8.38068594676157,35,65,0.164917541229385,0.835082458770615,0.5,0.473878157706727,0.153526970954357,3.9594977977796,1.29328342166187,0.447735055096039
"phpjG28NS.csv",3229521.48,12764.9070355731,21317.9727937904,210.56,192438.32,279.892505710053,74.5658109832037,89708.93,354.580750988142,592.165910938623,5.84888888888889,5345.50888888889,7.77479182527925,2.07127252731121,463362.474464843,1831.47223108633,3203.22293141244,15.8843401369809,29364.9433010285,13.6332458909779,1.58073737665654,30.37,0.1200395256917,0.0740789905723518,0,0.4,-0.297754923133079,-0.958663440738513,2784938.53,11007.662173913,19242.0371364679,91.35,176348.54,65.1284245215203,8.02905129477479,28.7989120154319,28.7989120154319,28.9202120331019,20.6870848899956,28.9454641656852,8.52066946189752,5.31961335806225,5.46097212586585,5.46097212586585,5.47696981245601,4.50186702661184,5.4803606285425,2.99395572824352,2.0917888763776,2,2,NA,2,2,0,0,37,3.61091791264422,253,5.53338948872752,0,0,0,0,0,0,-Inf,23,2,0.106719367588933,0.893280632411067,0.5,0.556182804174399,0.0263157894736842,25.8324375304804,4.25059916086232,0.339600930554977
"phpLalDwz.csv",31475447.75,21588.0985939643,67999.4191594097,8.02,1518280.95,3860.07088192736,234.82172224391,874317.993055556,599.669405387898,1888.87275442805,0.222777777777778,42174.4708333333,107.224191164649,6.5228256178864,4734157.18418201,3247.02138832785,10425.1615319796,0.484429626975956,233455.785133943,151.881081741405,5.21369320059535,161.04,0.110452674897119,0.119862370270412,0,0.67,-1.51193216132161,-0.462976535406012,28439047.49,19505.5195404664,62600.2550646944,2,1401719.45,767.926909528039,25.4314400431901,28.9267890389346,28.9267890389346,28.9491911068124,3.17197468123714,28.9496640050343,7.96003910841694,2.79073139000654,5.47784431634602,5.47784431634602,5.48086637716499,1.98228197488456,5.48093354902373,2.6046138726693,1.36400945483058,2,2,NA,2,2,0,0,37,3.61091791264422,1458,7.2848209125686,0,0,0,0,0,0,-Inf,24,2,0.122085048010974,0.877914951989026,0.5,0.534452450526458,0.0263157894736842,181.541863804005,-10.5867190020017,0.371058821483912
"phpqZOQcc.csv",1.91998151905098e+22,9595110040234770432,4967100134341346304,52605941701718792,18437933878105513984,1897.32543154688,59.3323009057973,2.13331279894553e+21,1066123337803863424,551900014926816320,5845104633524310,2048659319789501696,210.813936838542,6.59247787842192,6.39993839681914e+21,3198370013402867712,1655700044773142784,17535313900197706,6145977959338272768,594.498445107788,13.3770662599249,5392,2.69465267366317,43.3753180552236,0,1891,-1.12939617895369,-0.848425205719699,1.91998151904632e+22,9595110040211511296,4967100134321863680,52605941700718192,18437933878024894464,1795.5608854904,41.6338526725786,2.62962962962963,2.62962962962963,2.62962962962963,2.62962962962963,2.62962962962963,2.62178435711194,2.26243090346294,2.07407407407407,2.07407407407407,2.07407407407407,2.07407407407407,2.07407407407407,2.07114854688615,1.93615711264739,6,3,0,3,3,0,0,11,2.39789527279837,2001,7.60140233458373,0,0,0,0,0,0,-Inf,8,3,0.166916541729135,0.833083458270865,0.5,0.47105114408879,0.0666666666666667,-1.12939617895369,-0.217258587955168,0.450963142579839
"phps53v4E.csv",17693425.71,54108.3355045872,172259.755068951,260.2,2252321.14,818.098287906761,131.04059621825,478200.694864865,1462.38744606992,4655.66905591761,7.03243243243243,60873.5443243243,22.1107645380206,3.54163773562839,2642817.94458918,8082.01206296384,26348.0330943704,20.9063629874582,346717.278641439,22.106307502691,1.93308296094902,25.06,0.0766360856269113,0.0557260443501193,0,0.43,-1.09832997067129,-0.448050747580257,16091102.9,49208.2657492355,160345.247205782,124.02,2109679.46,102.074066152419,9.16695981989538,29.9212408992464,29.9212408992464,29.9500005569545,23.6697972323593,29.9542378135303,6.43780955064474,1.99487022745836,5.56740592850263,5.56740592850263,5.57123638006701,4.82295037199895,5.57181039022063,2.41503162250151,0.762702501192782,0,0,0,0,0,0,0,37,3.61091791264422,327,5.78996017089725,0,0,0,0,0,0,-Inf,23,1,0.128440366972477,0.871559633027523,0.5,0.525464672257893,0.027027027027027,102.061734945348,-9.16628112044907,0.38341111785607
"phpZeLjnh.csv",98313.891351,317.141585003226,110.098420300758,105.9843,1008.05198,41.8769910792291,6.66514989276838,16385.6485585,52.856930833871,18.3497367167929,17.66405,168.008663333333,6.97949851320485,1.1108583154614,11041.4975421126,35.6177340068149,9.89397038344183,29.1996391322748,128.269781857917,14.8291629157805,1.58720658543329,5438.27481,17.5428219677419,10.0083302490368,-11.058179,49.431864,0.119695235598409,-0.17512724640519,36555.403084,117.920655109677,37.5590265465005,70.082575,418.543082,37.1776972727403,4.27625685936317,-0.930224512331278,-0.930224512331278,-0.526207322303551,-1.03285823614323,-0.446502756899682,-0.107436313444729,-0.285204734368063,0.782444752179203,0.782444752179203,1.07713167067982,0.713709683206653,1.09186196188472,1.34669543325861,1.21378046267798,0,0,0,0,0,0,0,6,1.79175946922805,310,5.73657229747919,0,0,0,0,0,0,-Inf,0,1,0.32258064516129,0.67741935483871,0.5,0.250908857840388,0.666666666666667,18.7583906791101,-2.73789819682218,0.62879939409378
"pima-indians-diabetes.csv",276392.701,359.886329427083,205.869943803613,21.078,1433.52,21.8764898001842,4.21744444669097,34549.087625,44.9857911783854,25.7337429754516,2.63475,179.19,2.73456122502302,0.527180555836371,31975.8924790344,41.6352766654094,37.5055644506936,7.42073180353528,276.324813424864,2.91338582940349,1.32160323715867,362.401,0.471876302083333,0.331328595012775,0,2.42,-0.530936920676741,-1.83641264105356,92847,120.89453125,115.244002351338,21,846,7.13313491538188,2.2633825833595,-1.24436869349346,-1.24436869349346,1.10696464823464,1.70300650116301,1.28102825035459,-1.84375770803229,-1.15611389052763,0.549633416834299,0.549633416834298,1.61165268255652,1.85610516756238,1.68046364069853,0.249903785359803,-0.326796486212292,0,0,0,0,0,0,0,8,2.07944154167984,768,6.64378973314767,0,0,0,0,0,0,-Inf,6,1,0.348958333333333,0.651041666666667,0.5,0.213605173483436,0.25,7.03790444797933,2.25375402355081,0.64679942066329
"Pokemon.csv",989074,1236.3425,508.755346864315,228,2786,8.69279026414119,5.37780460720049,109897.111111111,137.371388888889,56.5283718738127,25.3333333333333,309.555555555556,0.965865584904577,0.597533845244499,120911.93135961,151.139914199513,65.5834737071284,58.3116626413619,260.484217905381,2.64371674512862,0.533897573026054,2659,3.32375,1.66129040048495,1,6,-1.243731509073,-0.00111829688424122,348082,435.1025,208.343797564067,180,780,7.15403351790673,1.56234843513363,-0.685077888942307,-0.685077888942308,0.361524388737868,2.51506872689593,-0.903135080471299,0.474817922625439,-1.28747158684051,1.0874659701607,1.0874659701607,1.36729323444638,2.03293110773778,0.875105554150708,1.29805589850276,0.417505658368833,837,279,451.199512411084,18,800,-2.33333333333333,0.384898052480905,12,2.484906649788,800,6.68461172766793,0,0,0,0,0,0,-Inf,9,4,0.08125,0.91875,0.5,0.592201929243733,0.133333333333333,-1.15470706318723,-0.00666005273869152,0.281811740837113
"Political-media-DFE.csv",5977.2718,2.98714232883558,0.133340023683121,1.5096,3,331.839028245585,-31.6149860832758,1992.42393333333,0.995714109611861,0.0444466745610404,0.5032,1,110.613009415195,-10.5383286944253,2.29133645790687,0.00114509568111291,0.00571372511462147,0.00207846096908268,0,26.8085443515794,1.31540249409402,1989.784,0.994394802598701,0.0408759351116201,0.502,1,79.8175715733895,-11.4261494729296,1993.8965,0.996450024987506,0.0510366274647288,0.5056,1,128.736312007389,-9.02712527117974,-2.33333333333328,-2.33333333333338,-2.33333333333333,-2.33333333333331,0,-2.33333333333333,-2.33333333333333,-0.377232079285606,-0.37723207928548,0.380869558290621,0.384900179459786,0,-0.367074168991958,0.367474288697743,700,116.666666666667,188.149585879605,2,453,-1.1893900201925,0.845991655581771,9,2.19722457733622,2001,7.60140233458373,0,0,0,0,0,0,-Inf,0,7,0.262368815592204,0.737631184407796,0.5,0.336061243832287,0.428571428571429,-1.96465256125123,-0.00272010905688807,0.575520069977347
"prostate_TumorVSNormal.csv",165700785.3,1218388.12720588,1968453.90927278,-841000.6,8377995.8,55265.6927512797,13538.7791668512,13150.8559761905,96.6974704131653,156.226500735935,-66.7460793650794,664.920301587302,4.38616609137141,1.07450628308343,41930.1275433898,308.309761348455,411.206558184644,141.423814574146,1781.37054211912,9.26423942204142,1.56821611838133,-79997.1,-588.213970588235,3.78174004053753,-5536,-74,-1.3700365782943,-11.1358312452947,1008712.1,7417.00073529412,7433.06868647474,1243,38660,126.38775947953,11.2293227355062,114.200078299932,114.200078299932,78.2536406363902,319.297729193074,76.5278971736702,56.1303800168883,4.7354086380623,8.83440850450016,8.83440850450016,7.69026741132988,-12.3536976571488,7.42934970076164,6.44142433947086,0.278221143846524,0,0,0,0,0,0,0,12600,9.44145209293957,136,4.91265488573605,0,0,0,0,0,0,-Inf,1214,1,0.433823529411765,0.566176470588235,0.5,0.0935876622158666,0.000634920634920635,-0.362220944961403,-1.21812180483608,0.684362777845088
"Qualitative_Bankruptcy.csv",1500,6,8.36753366616409,0,18,-23.7354581893322,13.2444876123654,83.3333333333333,0.333333333333333,0.46486298145356,0,1,-1.31863656607401,0.735804867353636,20.3672170266771,0.0814688681067083,0.0276772034032093,0,0,0.579160131931142,0.392073098274657,56,0.224,0.417758409075645,0,1,-1.99882046776573,0.095534695819533,119,0.476,0.500425521742492,0,1,-0.269034008836525,1.31605250320754,-1.04117504996958,-1.04117504996958,-1.16058825247259,0,0,-1.01015486459237,-1.12491190337043,0.382443052221714,0.382443052221714,-0.391032404869992,0,0,0.596813864799977,-0.131792657000004,18,3,0,3,3,0,0,6,1.79175946922805,250,5.52146091786225,0,0,0,0,0,0,-Inf,0,7,0.428,0.572,0.5,0.101823376490863,0.555555555555556,-1.57629115888624,-0.168408688806582,0.682743048203884
"rabe_97.csv",1188,29.7,18.1793182421026,2,66,-1.92898926945085,0.659103129276772,594,14.85,9.08965912105129,1,33,-0.964494634725427,0.329551564638386,436.991990773286,10.9247997693322,5.72811682242134,0,18.3847763108502,0.448813274445723,0.404102144852009,285,7.125,5.03926887248843,1,20,-1.28185354457254,0.0438081977215018,903,22.575,13.1400493696142,1,46,-0.647135724878317,0.61529493155527,-2.75,-2.75,-2.75,0,-2.75,-2.75,-2.75,0,0,1.51221866865774e-16,0,0,0,0,5,2.5,0.707106781186548,2,3,-2.75,0,4,1.38629436111989,40,3.68887945411394,0,0,0,0,0,0,-Inf,2,3,0.425,0.575,0.5,0.106066017177982,0.142857142857143,-1.2498376905874,0.109474011272473,0.681854608730783
"reviews.csv",933723,466.628185907046,264.28888112283,8,926,-1.20485477677039,0.0174408370116196,933723,466.628185907046,264.28888112283,8,926,-1.20485477677039,0.0174408370116196,NA,NA,NA,NA,NA,NA,NA,933723,466.628185907046,264.28888112283,8,926,-1.20485477677039,0.0174408370116196,933723,466.628185907046,264.28888112283,8,926,-1.20485477677039,0.0174408370116196,0,0,0,0,0,0,0,0,0,0,0,0,0,0,12222,1527.75,616.789324995635,320,2001,-0.953847431189151,-0.79196712789134,9,2.19722457733622,2001,7.60140233458373,0,0,0,0,0,0,-Inf,1,9,0.217891054472764,0.782108945527236,0.5,0.39896229683139,0.333333333333333,-1.20485477329213,0.0174408163878991,0.524225750748208
"SalesKaggle3.csv",1457937844.36,1905801.10373856,2122314.07388626,53789,16807804.29,134.815004553382,22.0811408360368,145793784.436,190580.110373856,212231.407388626,5378.9,1680780.429,13.4815004553382,2.20811408360368,313431130.543932,409713.896135859,477672.723175725,15727.1206339029,4187753.99122719,14.8261456821121,2.10289460793574,262,0.342483660130719,1.12693654211547,0,12,-1.30090503442831,-1.55005714574986,914362584,1195245.20784314,1439261.50548183,50089,13171796,43.9710928171443,5.90426744539304,0.831060403929766,0.831060403929764,1.45895185831649,3.54170471485476,2.69322750997511,-0.562282528601002,-0.733769196042626,1.55585043231583,1.55585043231583,1.70849462916301,2.26743131939201,2.02411317532371,0.989613615292308,-0.0154743939779322,6,2,0,2,2,0,0,13,2.56494935746154,765,6.63987583382654,0,0,0,0,0,0,-Inf,6,4,0.171241830065359,0.828758169934641,0.5,0.464934262662527,0.125,9.94217947189712,-2.48302601361977,0.457849838463723
"seismic-bumps.csv",258538902,100053.754643963,269717.853239438,-90,3404275,401.911666893912,41.9623661728638,28726544.6666667,11117.0838493292,29968.6503599375,-10,378252.777777778,44.6568518771014,4.6624851303182,76842829.0260656,29737.936929592,75202.2837909647,58.6685605754905,849363.667122155,58.3089237722641,3.4258448197439,1015,0.392801857585139,0.769709689441773,-96,7,5.9046722425821,2.2300488874801,233186680,90242.5232198142,229200.508894476,100,2595650,158.923424498492,11.0312991618519,2.58214677830088,2.58214677830088,2.49016949624351,-0.60019408349214,2.18719212800058,-0.726317764849334,-0.957373631313397,2.05669302631445,2.05669302631445,2.02381301250942,0.0361036361311295,1.91863571356453,1.08394314724274,0.968638006165416,16,2.66666666666667,0.816496580927726,2,4,-1.58333333333333,0.476289672207841,15,2.70805020110221,2584,7.85709386490249,0,0,0,0,0,0,-Inf,7,7,0.0657894736842105,0.934210526315789,0.5,0.614066415240949,0.0454545454545455,32.4550709690823,5.16126323730741,0.242608855653385
"shuttle-landing-control.csv",70,5,7.12393574823997,0,17,7.11600958565245,17.7956891842231,4.11764705882353,0.294117647058824,0.419055044014116,0,1,0.418588799156026,1.04680524613077,2.84785781204874,0.203418415146339,0.0800745275429594,0,0,2.93866221066428,1.1652546299995,1,0.0714285714285714,0.267261241912424,0,1,-2.13775510204082,-1.82649023251835,12,0.857142857142857,0.518874521662771,0,1,7.41326530612245,2.97805383845273,0.878550341642348,0.878550341642348,-0.867042669481267,0,0,0.929186612674637,0.225305746663124,1.20253390918621,1.2025339091862,-0.414626203096744,0,0,1.41091798508835,-0.4387361978171,19,3.8,1.09544511501033,3,5,-2.25333333333333,0.292118697336089,5,1.6094379124341,14,2.63905732961526,0,0,0,0,0,0,-Inf,0,6,0.428571428571429,0.571428571428571,0.5,0.101015254455221,0.411764705882353,-2.02487502216633,0.0134858756927355,0.682908104700472
"sonar.csv",3510.8897,16.8792774038462,8.53426962030042,1.1366,39.3494,128.633162505842,57.1988446700178,58.5148283333333,0.281321290064103,0.142237827005007,0.0189433333333333,0.655823333333333,2.14388604176403,0.95331407783363,47.3576983750126,0.227681242187561,0.0951441852819327,0.0212997522597725,0.376909885541901,4.15547802512666,0.939512099877719,1.3535,0.00650721153846154,0.00503104333293177,0,0.0352,-1.22708930584658,-0.777566675867695,146.0482,0.702154807692308,0.264120969748447,0.0921,1,19.9896331667978,3.35279174628041,-1.12510322345065,-1.12510322345065,-1.55020244125711,0.743696879518217,-1.33593675103159,5.45615447267513,-0.362603183708156,0.395618768702156,0.395618768702156,-0.205349021179225,1.11545354317631,-0.578117148053197,2.23998640462504,0.0844575815267136,0,0,0,0,0,0,0,60,4.0943445622221,208,5.33753807970132,0,0,0,0,0,0,-Inf,0,1,0.466346153846154,0.533653846153846,0.5,0.0475937256567868,0.283333333333333,-0.688772344619024,-0.174510210847169,0.690880304410466
"spambase.csv",724275.577,361.956810094953,985.901126026174,3,27409.955,10528.9763755904,578.205449607008,12706.5890701754,6.35011947535004,17.2965109829153,0.0526315789473684,480.876403508772,184.718883782289,10.1439552562633,78757.2843100367,39.3589626736815,94.191371732247,0.225281778444791,2459.52308586534,240.266874506906,6.45949471215804,11.99,0.005992003998001,0.0798694430682472,0,2.17,7.34160093836473,1.7946457618286,587173,293.439780109945,668.833343589232,1,15841,1131.2240792999,29.9758044941011,46.699847269272,46.699847269272,37.8910880754874,13.4623644882186,27.6067241368012,4.66041883795395,1.25782227814694,6.83587618193617,6.83587618193617,6.08744513037353,3.90195652126339,5.28039325182049,2.21057732867193,1.34018471770428,0,0,0,0,0,0,0,57,4.04305126783455,2001,7.60140233458373,0,0,0,0,0,0,-Inf,2,1,0.394302848575712,0.605697151424288,0.5,0.149478345048431,0.0350877192982456,181.519827195167,10.4445861722961,0.670633942228882
"SPECTF.csv",234353,2929.4125,338.065344089056,1518,3480,222.955265805895,-68.6764215223736,5326.20454545455,66.5775568181818,7.68330327475127,34.5,79.0909090909091,5.06716513195216,-1.56082776187213,343.367020368195,4.29208775460244,2.06402244385574,15.7369362580744,3.49629825385585,6.0284218446905,0.983755106665574,4406,55.075,4.09004657829935,8,71,-0.915064703271312,-4.14493684615063,5938,74.225,12.3931126238056,63,89,25.293930478565,0.105406947386505,0.149553446702318,0.14955344670232,-0.539376286494399,-1.34770841308855,0.294654003338213,2.91412364432838,0.250985488587296,-0.492441827157834,-0.492441827157838,0.531606752192614,-0.0789888472223496,0.00883349547126781,1.814377941837,-0.622892111955479,0,0,0,0,0,0,0,44,3.78418963391826,80,4.38202663467388,0,0,0,0,0,0,-Inf,44,1,0.5,0.5,0.5,0,0.477272727272727,4.7326738659587,2.15891628518773,0.693147180559945
"student-mat.csv",26431,66.9139240506329,25.1205136632572,24,173,21.6284563991221,4.8689533895856,2202.58333333333,5.57616033755274,2.09337613860477,2,14.4166666666667,1.80237136659351,0.4057461157988,1851.59353768258,4.68757857641159,2.09036511641428,4.17786374293675,20.2684633374266,6.35113017675155,1.28365612800062,585,1.48101265822785,0.890741428090967,0,4,-1.20768218084389,-0.944664410526613,6595,16.6962025316456,8.00309568710818,15,75,21.3065050684386,3.64374060470814,0.00927405243375734,0.00927405243375734,2.40917361725066,4.83165147569444,3.68892865713854,4.43471123480776,0.823719695406124,1.18658972854252,1.18658972854252,1.85883613777608,2.46836676218431,2.15896528841035,2.37432443046943,1.3809874386219,55,2.75,1.11803398874989,2,5,-0.9155,0.898899326954915,32,3.46573590279973,395,5.97888576490112,0,0,0,0,0,0,-Inf,12,21,0.10126582278481,0.89873417721519,0.5,0.563895281199399,0.253968253968254,21.1498186957761,-3.63118367285053,0.327855401791426
"testing.csv",459474.457611117,918.948915222234,324.073986194402,399.562690794,5271.1743585,748.341311285896,37.8917708953647,91894.8915222234,183.789783044447,64.8147972388804,79.9125381588,1054.2348717,149.668262257179,7.57835417907294,82599.9038471057,165.199807694211,61.0207819501143,54.7038782840873,864.249019423928,200.947364602613,9.53882620976572,10320.643909727,20.641287819454,6.75732170216558,5.772400124,62.3965811,1.00394613658092,-0.194223141208884,226867.4352307,453.7348704614,156.198322640535,144.875817,1848.916667,374.015254561666,18.1702615994235,-1.37195054916804,-1.37195054916804,-1.7055601063006,-1.86768169070446,-2.22715635801847,-2.25232876585127,-2.24954364071403,0.653152078259058,0.653152078259058,0.3623840161182,-0.130386316204793,-0.263996522371945,0.292504796667252,0.286297656810084,0,0,0,0,0,0,0,5,1.6094379124341,500,6.21460809842219,0,0,0,0,0,0,-Inf,0,1,0.374,0.626,0.5,0.17819090885901,0.4,35.8173928460658,3.33126374610238,0.66105027844044
"ThoraricSurgery.csv",33080.66,70.3843829787234,21.3461539659894,23.4,179.6,30.5712902339876,5.94935555576776,11026.8866666667,23.4614609929078,7.11538465532979,7.8,59.8666666666667,10.1904300779959,1.98311851858925,15906.6645133803,33.8439670497454,5.6198680321807,11.434054399031,46.3914144355756,17.1648229891225,3.15152314074737,1542.37,3.28163829787234,0.871395027068467,0.96,6.3,-0.145486172888491,-0.189941280919216,29391,62.5340425531915,11.7678571206368,21,87,30.0044721404137,5.59758363062372,-2.33333333333333,-2.33333333333333,-2.33333333333333,-2.33333333333333,-2.33333333333333,-2.33333333333333,-2.33333333333333,0.38427403744908,0.38427403744908,-0.260482744273023,0.384137217540728,-0.384801594380957,0.383819065760182,0.361693190143463,34,2.61538461538462,1.44559454541846,2,7,3.60062389745045,2.15610583189134,16,2.77258872223978,470,6.1527326947041,0,0,0,0,0,0,-Inf,1,14,0.148936170212766,0.851063829787234,0.5,0.496479229343746,0.0606060606060606,28.6730386816848,5.41128660030146,0.42085932068996
"training.csv",4499802.97337178,1037.05991550398,300.708485051867,310.26785714,3047.3534287,100.03966047446,12.2506539404826,899960.594674356,207.411983100797,60.1416970103735,62.053571428,609.47068574,20.007932094892,2.45013078809651,855087.253193103,197.070120579189,58.032185431382,68.6081072848409,413.001285580537,17.6703074121716,2.79385840569912,108147.787668391,24.9245880775273,11.008302905531,0,156.5084307,-0.405603570770676,-0.773120015154136,2317480.2200384,534.104683115557,154.495500005028,164.625,1005.516129,40.9762830260445,5.26997167162223,-1.32809926165184,-1.32809926165184,-1.41782237588039,-1.72993228670914,-2.21348717143036,-2.09164965126101,-2.16017066189812,0.720023074132581,0.720023074132581,0.635960159631865,0.381389580809762,-0.182140312876969,0.0799853960465757,-0.0366300879117519,0,0,0,0,0,0,0,5,1.6094379124341,4339,8.37539918579835,0,0,0,0,0,0,-Inf,0,1,0.0170546208803872,0.982945379119613,0.5,0.682987905036373,0.4,-0.302614424535758,-0.137102240835262,0.0863434163859151
"trains.csv",364,7,8.02705605611388,0,21,34.4887258143755,19.6928028969354,17.3333333333333,0.333333333333333,0.382240764576851,0,1,1.64232027687502,0.937752518901686,14.4856250584272,0.278569712662061,0.0732967926420076,0,0,3.15566296326156,1.69315321369864,4,0.0769230769230769,0.269069117598525,0,1,-1.63572485207101,-3.08426944054944,48,0.923076923076923,0.480384461415261,0,1,7.66115014792899,3.08426944054944,-0.596765386873274,-0.596765386873274,-1.46084114267275,0,0,-0.735395827868107,-0.333454955400728,0.999446173238561,0.999446173238562,-0.130724673775268,0,0,0.757492983204303,-0.820637890208582,27,3.85714285714286,1.3451854182691,2,5,-1.73870767143422,-0.488674402046313,7,1.94591014905531,52,3.95124371858143,0,0,0,0,0,0,-Inf,0,8,0.346153846153846,0.653846153846154,0.5,0.217571317288168,0.571428571428571,-1.02084655681217,-0.0228072892406915,0.645033151676034
"transfusion.csv",1068129,1427.97994652406,1498.13819789951,253,12722,40.452577694043,9.0161705338433,267032.25,356.994986631016,374.534549474877,63.25,3180.5,10.1131444235108,2.25404263346082,509567.404025136,681.239844953391,723.575283344403,124.502677347383,6213.03090286858,7.54908468623792,1.18345605173002,4125,5.51470588235294,5.83930712309003,0,50,-0.259345684889274,0.746447152934484,1031250,1378.67647058824,1459.82678077251,250,12500,15.7120829070394,3.19839754617516,-1.6880296081748,-1.6880296081748,-1.68769686152175,-1.68756450988605,-1.68751492147225,-1.95763704551617,-2.13621738118533,0.749218260932215,0.749218260932215,0.749707666702243,0.749903233090023,0.749977617680292,-0.444833319919157,-0.271117751376529,0,0,0,0,0,0,0,4,1.38629436111989,748,6.61740297797448,0,0,0,0,0,0,-Inf,4,1,0.237967914438503,0.762032085561497,0.5,0.370569329177977,0.25,15.7089826998585,-3.1980212916846,0.548726243182645
"UCI_Credit_Card.csv",935503062,467517.772113943,632218.705238043,-54513,7122404,1751.3371774581,101.056854170576,44547764.8571429,22262.7510530449,30105.652630383,-2595.85714285714,339162.095238095,83.3970084503855,4.81223115097982,78322918.9458595,39141.8885286654,35708.738691207,7688.69396767562,340979.81602199,210.372918995875,6.38902530959354,-627,-0.313343328335832,0.777634324363827,-26214,6,-0.0280186042723329,0.709174991546139,341940000,170884.557721139,131485.615815635,10000,1227082,951.590941894171,27.1180705459204,6.98058764576217,6.98058764576217,0.563443595912913,3.28599505810855,-0.188597254270942,10.8468434134343,4.34847930793071,2.56860519773145,2.56860519773145,1.11276330039303,-1.84522997799212,0.690711683222006,3.33901474362927,2.10675750576942,6,3,1.4142135623731,2,4,-2.75,0,23,3.13549421592915,2001,7.60140233458373,0,0,0,0,0,0,-Inf,14,3,0.221389305347326,0.778610694652674,0.5,0.394015023,0.153846153846154,7.28281703705986,-2.18730696653185,0.528660742925055
"university_grade.csv",251,2.72826086956522,1.44574602111604,1,5,-1.25357243036979,0.323387680055638,251,2.72826086956522,1.44574602111604,1,5,-1.25357243036979,0.323387680055638,NA,NA,NA,NA,NA,NA,NA,251,2.72826086956522,1.44574602111604,1,5,-1.25357243036979,0.323387680055638,251,2.72826086956522,1.44574602111604,1,5,-1.25357243036979,0.323387680055638,0,0,0,0,0,0,0,0,0,0,0,0,0,0,8,2.66666666666667,0.577350269189626,2,3,-2.33333333333333,-0.38490017945975,4,1.38629436111989,92,4.52178857704904,0,0,0,0,0,0,-Inf,1,4,0.33695652173913,0.66304347826087,0.5,0.230578298213005,0.444444444444444,-1.27898048053386,0.338301570102692,0.638996087335872
"university_salary.csv",68,2.95652173913043,1.42950280198031,1,5,-1.41433523795506,-0.0168815651620479,68,2.95652173913043,1.42950280198031,1,5,-1.41433523795506,-0.0168815651620479,NA,NA,NA,NA,NA,NA,NA,68,2.95652173913043,1.42950280198031,1,5,-1.41433523795506,-0.0168815651620479,68,2.95652173913043,1.42950280198031,1,5,-1.41433523795506,-0.0168815651620479,0,0,0,0,0,0,0,0,0,0,0,0,0,0,11,2.75,0.957427107756338,2,4,-2.08419421487603,0.320461139372989,5,1.6094379124341,23,3.13549421592915,0,0,0,0,0,0,-Inf,1,5,0.478260869565217,0.521739130434783,0.5,0.0307437730950673,0.416666666666667,-1.41601393207751,0.0261524656727912,0.692201702962277
"utube.csv",8004,4,6.27551847122629,0,15,3.99364236687108,18.6647884994366,533.6,0.266666666666667,0.418367898081753,0,1,0.266242824458072,1.24431923329577,264.840059550773,0.132353852848962,0.0675892594636303,0,0,2.60406900082439,0.876954144079967,178,0.0889555222388806,0.284750695382364,0,1,-1.99567380745851,-0.287575882645194,1143,0.571214392803598,0.499792060709277,0,1,6.32988206985318,2.88560530242308,-0.147039895315959,-0.147039895315959,-0.752712724766492,0,0,-0.0121984385449663,-0.684979634083061,0.715908453613213,0.715908453613213,-0.758047068352243,0,0,1.23746091898575,0.30486363898067,21,5.25,2.06155281280883,3,7,-2.3518598615917,-0.0749007077318087,4,1.38629436111989,2001,7.60140233458373,0,0,0,0,0,0,-Inf,0,5,0.024487756121939,0.975512243878061,0.5,0.672475864366817,0.666666666666667,-1.27337960334466,0.453105806331074,0.115024793484888
"vgsales_EU.csv",4002,2,2.64198475619522,0,7,10.6242119210674,9.2405125760878,571.714285714286,0.285714285714286,0.377426393742174,0,1,1.51774456015248,1.3200732251554,520.282203643918,0.260011096273822,0.0661985611745859,0,0,2.22954321315879,1.43879254860612,229,0.114442778610695,0.318427859725049,0,1,-1.95944488995171,-1.20464535632911,1517,0.758120939530235,0.497544696120541,0,1,3.86036169523323,2.42041974249674,-1.20232709516497,-1.20232709516497,-1.20698958041581,0,0,-1.7264911552494,-1.34350881026983,0.865827476840798,0.865827476840798,0.680900724801735,0,0,-0.32670660456392,-0.766947912207404,2225,445,808.944991949391,12,1879,-0.980536468572824,1.02750805853023,5,1.6094379124341,2001,7.60140233458373,0,0,0,0,0,0,-Inf,0,6,0.210894552723638,0.789105447276362,0.5,0.408856844494171,0.714285714285714,-1.89398210438082,-0.240242830613935,0.515139476996099
"vgsales_global.csv",4002,2,2.68250011330554,0,7,9.07646409407745,9.10970961248072,571.714285714286,0.285714285714286,0.383214301900791,0,1,1.29663772772535,1.30138708749725,499.781523696676,0.249765878908884,0.0668682677994288,0,0,2.1868920301714,1.36727615021011,230,0.114942528735632,0.31903230117874,0,1,-1.95944488995171,-1.04184423371473,1463,0.731134432783608,0.497544696120541,0,1,3.82304537873006,2.41270264686692,-1.28157329455133,-1.28157329455133,-1.4866001460929,0,0,-1.81862845779618,-1.42956035678042,0.832618598734841,0.832618598734841,0.578999374211755,0,0,-0.314878075875359,-0.727573331208475,2206,441.2,806.139380008197,12,1872,-0.972191639645612,1.03352971941441,5,1.6094379124341,2001,7.60140233458373,0,0,0,0,0,0,-Inf,0,6,0.226386806596702,0.773613193403298,0.5,0.386947488955157,0.714285714285714,-1.8011099888563,-0.289653158146483,0.534873484674934
"vgsales_JP.csv",4002,2,2.66113738900486,0,7,10.0304814921772,9.20293447778023,571.714285714286,0.285714285714286,0.380162484143552,0,1,1.43292592745388,1.31470492539718,510.263564015602,0.255004279867867,0.06740788255156,0,0,2.28250938809732,1.40986525525626,219,0.109445277361319,0.312275106482946,0,1,-1.96108256330267,-1.12413755824247,1491,0.745127436281859,0.497645631361106,0,1,4.25262748362499,2.50010029466479,-1.23931309168321,-1.23931309168321,-1.38699067409307,0,0,-1.75662851514153,-1.39457574731069,0.847011420210406,0.847011420210406,0.579728393945233,0,0,-0.228087270477143,-0.730020474090935,2231,446.2,814.798257239177,12,1892,-0.973908872392104,1.03228934504375,5,1.6094379124341,2001,7.60140233458373,0,0,0,0,0,0,-Inf,0,6,0.177411294352824,0.822588705647176,0.5,0.456209322594619,0.714285714285714,-1.71779329581302,-0.263146244683725,0.467445322699726
"vgsales_NA.csv",4002,2,2.67264484173218,0,7,9.57350292326661,9.13947175649735,571.714285714286,0.285714285714286,0.38180640596174,0,1,1.36764327475237,1.30563882235676,504.587526033464,0.252167679177143,0.0672443265351355,0,0,2.279350077885,1.39259136019798,216,0.107946026986507,0.310389801838684,0,1,-1.9729707322861,-1.11211617430341,1487,0.743128435782109,0.498380184794402,0,1,4.37751792994081,2.52494148757603,-1.20924142842536,-1.20924142842536,-1.38857483359659,0,0,-1.72056790142293,-1.37877023430566,0.854991641696996,0.854991641696996,0.548228729850044,0,0,-0.157444298830428,-0.724599326415667,2200,440,805.485257469061,12,1870,-0.970492396010907,1.03476241062486,5,1.6094379124341,2001,7.60140233458373,0,0,0,0,0,0,-Inf,0,6,0.229385307346327,0.770614692653673,0.5,0.382706968528251,0.714285714285714,-1.86012784403348,0.230813202955044,0.538532534046062
"vgsales_other.csv",4002,2,2.67145995014548,0,7,9.62970297220596,9.19297773789908,571.714285714286,0.285714285714286,0.381637135735069,0,1,1.37567185317228,1.31328253398558,505.236483997251,0.252491996000625,0.0671477050871549,0,0,2.29871049712914,1.38755829814829,208,0.103948025987006,0.305269397905115,0,1,-1.93291153799628,-1.03042504762293,1459,0.729135432283858,0.495917868939639,0,1,4.7284685996693,2.59347350049506,-1.3360923576112,-1.3360923576112,-1.40686091709543,0,0,-1.56169530292615,-1.45050015152379,0.818954267767696,0.818954267767696,0.535653961808223,0,0,-0.0836463738053166,-0.704067103203983,2217,443.4,813.530454254787,12,1888,-0.969023806505527,1.03584190644647,5,1.6094379124341,2001,7.60140233458373,0,0,0,0,0,0,-Inf,0,6,0.210394802598701,0.789605197401299,0.5,0.409563597898655,0.714285714285714,-1.83249539602068,0.312334385891161,0.514479285061753
"Video_Games_Sales_as_at_30_Nov_2016.csv",562081.12,287.344930247103,642.435105845375,21.01,10385.33,730.654835969254,52.1860029173021,70260.14,35.9181162808879,80.3043882306719,2.62625,1298.16625,91.3318544961568,6.52325036466277,129894.684414286,65.2200341173257,212.162709678707,4.56418647891228,3560.77012730568,98.6533501588523,4.48277142152153,142.59,0.0712593703148426,0.266843013030505,0,4.7,0.331005431834877,-0.707722192457016,369803,184.809095452274,605.066309206876,13,10110,316.207879747475,13.5685279806315,0.593270258257092,0.461109244073346,1.69261672881275,0.406153771110625,1.7018867257871,0.554671262189319,-1.10046533138039,1.45106668270371,1.40551444862872,1.85175734243151,1.3556847537575,1.85563199753569,1.28291722208365,-0.249997656962559,2595,370.714285714286,627.151686671764,7,1672,-0.278903783629452,1.18820222554525,15,2.70805020110221,2001,7.60140233458373,128,0.063968015992004,2,0.133333333333333,256,0.00852906879893387,5.54517744447956,3,8,0.3928035982009,0.607196401799101,0.5,0.151598605261884,0.0416666666666667,99.0142108618765,-8.43292179173413,0.669985664860818
"visualizing_soil.csv",462787.165,53.5571305404467,30.3465229577315,0.876,171.376,-2.36901097091728,0.767508531290142,154262.388333333,17.8523768468156,10.1155076525772,0.292,57.1253333333333,-0.789670323639093,0.255836177096714,247460.699686959,28.6379701061173,16.1936003390529,0.517891880608298,94.3035741917205,0.681649099203383,0.277906695304106,6381.7448,0.738542390926976,0.429077358283397,-0.01,1.56,-1.26487662802886,0.0181714189432883,439946.15,50.9138004860549,28.8101665171246,0.89,166.01,-0.00867070417013238,0.561400257669864,-2.33333333333333,-2.33333333333333,-2.33333333333333,-2.33333333333333,-2.33333333333333,-2.33333333333333,-2.33333333333333,0.384182185275156,0.384182185275156,0.384140811590896,0.384842060362482,0.384654573912986,0.358326071021281,0.22973940895522,2,2,NA,2,2,0,0,4,1.38629436111989,8641,9.0642735958414,0,0,0,0,0,0,-Inf,0,2,0.449947922694133,0.550052077305867,0.5,0.0707843265509042,0.2,-0.00885127206405656,-0.56128553442376,0.688128357845483
"voice.csv",170334.838392268,53.7673100985695,147.527600030808,3.3404564592453,1396.87587015001,90.566091005395,12.1291105123834,8516.74191961341,2.68836550492847,7.37638000154039,0.167022822962265,69.8437935075007,4.52830455026975,0.606455525619171,25746.9382607453,8.12719010755848,30.0531453535781,0.476124671028179,291.971172850348,9.50175099052028,1.95013569777064,116.588128812115,0.0368018083371576,0.0166522470815459,0,0.115273246743733,-0.861846814016861,-2.23641539245727,115848.883786853,36.5684607913046,134.928661236007,2.06845549084691,1309.61288737064,35.8490124334124,5.86702644346949,12.1078481972912,12.1078481972912,13.2270099044479,9.82996832163998,13.2571120206606,4.08953075514079,1.19015253066468,3.60245597342576,3.60245597342576,3.81093847491,3.24542924638667,3.81677743686215,2.25789041479678,1.29821926496527,0,0,0,0,0,0,0,20,2.99573227355399,3168,8.06085575293432,0,0,0,0,0,0,-Inf,0,1,0.5,0.5,0.5,0,0.05,35.8351166380561,-5.86593311196867,0.693147180559945
"winequality-red.csv",143072.78194,89.4764114696685,48.3188803296076,25.09207,417.50469,90.9148296500892,18.4795327251742,13006.61654,8.13421922451532,4.39262548450978,2.28109727272727,37.9549718181818,8.26498451364447,1.67995752047038,21927.2894031466,13.7131265810798,9.92748844635921,2.84435986051024,85.7896546628481,13.941371401181,1.83457606274246,139.859,0.0874665415884928,0.00188733395384256,0,0.611,-0.79304552533009,0.0711539707521148,74302,46.4677923702314,32.8953244782991,8.4,289,41.5259634938983,5.6696937046533,2.60821949017726,2.60821949017726,3.21093385950574,-0.609628811471531,3.68718232148189,0.405650256345807,-0.298178050112023,1.91387293083483,1.91387293083483,2.12127846903144,0.96841054653178,2.23747918556491,1.4080920946506,1.10625032323753,0,0,0,0,0,0,0,11,2.39789527279837,1599,7.37713371283395,0,0,0,0,0,0,-Inf,0,1,0.465290806754221,0.534709193245779,0.5,0.0490862118272087,0.181818181818182,3.35245132630424,-1.43074388005916,0.690735785468882
"winequality-white.csv",404591.354561667,202.194579990838,66.6092837878939,28.64622,522.26795,50.433342327296,12.3066145460788,36781.0322328788,18.3813254537125,6.05538943526308,2.60420181818182,47.4789045454545,4.58484930248145,1.11878314055262,82180.8098109994,41.0698699705144,13.0227854325311,3.22436731965146,97.8445545692259,10.5778014170341,1.33304624587308,91.158,0.0455562218890555,0.00288877538998762,0,0.29,-0.750073333128638,0.251178293137653,277001.5,138.431534232884,42.3162653136469,9,313,35.8893816146936,4.98204991562902,3.65895307478504,3.65895307478504,2.53479061067,-0.721162599334782,2.05507140725695,3.9960324495959,3.45376103911637,2.22874280091606,2.22874280091606,1.9506378606696,0.934041475106736,1.84574343608111,2.30704818781535,2.14651952571103,0,0,0,0,0,0,0,11,2.39789527279837,2001,7.60140233458373,0,0,0,0,0,0,-Inf,0,1,0.334832583708146,0.665167416291854,0.5,0.233582000182063,0.181818181818182,0.0250276661073587,-0.299762279672116,0.637548315802198
"world.csv",808510407062.8,404053176.942929,481474648.444009,11603.5,1313652353,92.2807313201148,14.9007411167407,115501486723.257,57721882.4204184,68782092.6348585,1657.64285714286,187664621.857143,13.1829616171593,2.12867730239152,299380332150.938,149615358.396271,178213737.084653,2913.3470258205,480642386.572284,33.2266032088246,2.89082689272836,25128.6,12.5580209895052,26.7788977906403,0,100,-1.22814637124988,0.04977802219976,794378988600,396990998.8006,472909167.795063,7000,1277558000,88.3661784162001,8.3419879420263,0.794838565448104,0.794838565448104,0.795112691582296,-1.16128757043549,0.794644978146763,0.765246672183383,0.132337894202441,1.61931648460736,1.61931648460736,1.61945014028818,0.896655296687916,1.61921781558915,1.60493925113556,1.29317665204863,3480,217.5,372.66535479793,2,1501,5.91413885129007,2.58287088580087,23,3.13549421592915,2001,7.60140233458373,0,0,0,0,0,0,-Inf,4,17,0.499750124937531,0.500249875062469,0.5,0.000353376702242149,0.0169491525423729,-0.784775224232434,-1.00481889544387,0.693147055684846
"yellow-small+adult-stretch.csv",60,4,4.13118223595458,0,8,-16.9066666666667,0,7.5,0.5,0.516397779494322,0,1,-2.11333333333333,0,0.534522483824849,0.0356348322549899,0,0,0,0,0.128812237743906,7,0.466666666666667,0.516397779494322,0,1,-2.11333333333333,-0.120492815215342,8,0.533333333333333,0.516397779494322,0,1,-2.11333333333333,0.120492815215342,-2.234375,-2.234375,0,0,0,0,-2.234375,0,0,0,0,0,0,0,8,2,0,2,2,0,0,4,1.38629436111989,15,2.70805020110221,0,0,0,0,0,0,-Inf,0,5,0.4,0.6,0.5,0.141421356237309,0.5,-1.50277777777778,-1.15659102154684e-16,0.673011667009257
"yellow-small.csv",76,4,4.08098579817746,0,8,-16.4128934777134,8.60422844084496e-16,9.5,0.5,0.510123224772183,0,1,-2.05161168471418,1.07552855510562e-16,1.19522860933439,0.0629067689123365,0.00306383078314446,0,0,0.0437336577674876,0.234711792093368,8,0.421052631578947,0.507257273501788,0,1,-2.09252077562327,-0.294888797753432,11,0.578947368421053,0.512989176042577,0,1,-2.01070259380509,0.294888797753432,-1.744375,-1.744375,-2.234375,0,0,-2.234375,-1.73945178223322,0,-1.15687672440482e-16,0,0,0,6.6833904343877e-15,-1.02507209875756e-15,8,2,0,2,2,0,0,4,1.38629436111989,19,2.94443897916644,0,0,0,0,0,0,-Inf,0,5,0.368421052631579,0.631578947368421,0.5,0.186080731891197,0.5,-1.16274632312406,0.188351158618587,0.658109987543114
